-- MySQL dump 10.13  Distrib 5.7.17, for Win64 (x86_64)
--
-- Host: localhost    Database: phonewitness
-- ------------------------------------------------------
-- Server version	5.7.19

/*!40101 SET @OLD_CHARACTER_SET_CLIENT=@@CHARACTER_SET_CLIENT */;
/*!40101 SET @OLD_CHARACTER_SET_RESULTS=@@CHARACTER_SET_RESULTS */;
/*!40101 SET @OLD_COLLATION_CONNECTION=@@COLLATION_CONNECTION */;
/*!40101 SET NAMES utf8 */;
/*!40103 SET @OLD_TIME_ZONE=@@TIME_ZONE */;
/*!40103 SET TIME_ZONE='+00:00' */;
/*!40014 SET @OLD_UNIQUE_CHECKS=@@UNIQUE_CHECKS, UNIQUE_CHECKS=0 */;
/*!40014 SET @OLD_FOREIGN_KEY_CHECKS=@@FOREIGN_KEY_CHECKS, FOREIGN_KEY_CHECKS=0 */;
/*!40101 SET @OLD_SQL_MODE=@@SQL_MODE, SQL_MODE='NO_AUTO_VALUE_ON_ZERO' */;
/*!40111 SET @OLD_SQL_NOTES=@@SQL_NOTES, SQL_NOTES=0 */;

--
-- Table structure for table `address_exports`
--

DROP TABLE IF EXISTS `address_exports`;
/*!40101 SET @saved_cs_client     = @@character_set_client */;
/*!40101 SET character_set_client = utf8 */;
CREATE TABLE `address_exports` (
  `address_export_id` int(11) NOT NULL AUTO_INCREMENT,
  `export_date` date DEFAULT NULL,
  `publisher_id` int(11) DEFAULT NULL,
  PRIMARY KEY (`address_export_id`),
  UNIQUE KEY `address_export_id_UNIQUE` (`address_export_id`)
) ENGINE=MyISAM AUTO_INCREMENT=42 DEFAULT CHARSET=latin1;
/*!40101 SET character_set_client = @saved_cs_client */;

--
-- Dumping data for table `address_exports`
--

LOCK TABLES `address_exports` WRITE;
/*!40000 ALTER TABLE `address_exports` DISABLE KEYS */;
INSERT INTO `address_exports` VALUES (1,'2018-04-24',1),(2,'2018-04-24',1),(3,'2018-04-24',1),(4,'2018-04-24',1),(5,'2018-04-24',1),(6,'2018-04-24',1),(7,'2018-05-12',6),(8,'2018-05-23',7),(9,'2018-05-30',3),(10,'2018-06-03',11),(11,'2018-06-06',11),(12,'2018-06-11',12),(13,'2018-06-21',13),(14,'2018-06-21',9),(15,'2018-06-21',12),(16,'2018-06-26',11),(17,'2018-06-26',13),(18,'2018-06-28',9),(19,'2018-06-28',10),(20,'2018-06-28',9),(21,'2018-07-05',8),(22,'2018-07-14',3),(23,'2018-08-02',9),(24,'2018-08-02',9),(25,'2018-08-02',8),(26,'2018-08-02',8),(27,'2018-08-04',14),(28,'2018-08-05',12),(29,'2018-08-09',3),(30,'2018-08-26',8),(31,'2018-08-30',11),(32,'2018-08-30',9),(33,'2018-09-08',11),(34,'2018-09-08',9),(35,'2018-09-13',11),(36,'2018-09-13',10);
/*!40000 ALTER TABLE `address_exports` ENABLE KEYS */;
UNLOCK TABLES;

--
-- Table structure for table `backups`
--

DROP TABLE IF EXISTS `backups`;
/*!40101 SET @saved_cs_client     = @@character_set_client */;
/*!40101 SET character_set_client = utf8 */;
CREATE TABLE `backups` (
  `backup_id` int(11) NOT NULL AUTO_INCREMENT,
  `last_backup_timestamp` timestamp NULL DEFAULT NULL,
  `backup_path` text,
  `backup_schedule_id` int(11) DEFAULT NULL,
  PRIMARY KEY (`backup_id`)
) ENGINE=InnoDB DEFAULT CHARSET=utf8;
/*!40101 SET character_set_client = @saved_cs_client */;

--
-- Dumping data for table `backups`
--

LOCK TABLES `backups` WRITE;
/*!40000 ALTER TABLE `backups` DISABLE KEYS */;
/*!40000 ALTER TABLE `backups` ENABLE KEYS */;
UNLOCK TABLES;

--
-- Table structure for table `button_groups`
--

DROP TABLE IF EXISTS `button_groups`;
/*!40101 SET @saved_cs_client     = @@character_set_client */;
/*!40101 SET character_set_client = utf8 */;
CREATE TABLE `button_groups` (
  `button_group_id` int(11) NOT NULL AUTO_INCREMENT,
  `button_group_name` varchar(100) DEFAULT NULL,
  `button_group_order` int(11) DEFAULT NULL,
  `next_button_group_id` int(11) DEFAULT NULL,
  `action_url` tinytext,
  PRIMARY KEY (`button_group_id`)
) ENGINE=MyISAM AUTO_INCREMENT=28 DEFAULT CHARSET=latin1;
/*!40101 SET character_set_client = @saved_cs_client */;

--
-- Dumping data for table `button_groups`
--

LOCK TABLES `button_groups` WRITE;
/*!40000 ALTER TABLE `button_groups` DISABLE KEYS */;
INSERT INTO `button_groups` VALUES (1,'Intro Page',1,0,'');
/*!40000 ALTER TABLE `button_groups` ENABLE KEYS */;
UNLOCK TABLES;

--
-- Table structure for table `buttons`
--

DROP TABLE IF EXISTS `buttons`;
/*!40101 SET @saved_cs_client     = @@character_set_client */;
/*!40101 SET character_set_client = utf8 */;
CREATE TABLE `buttons` (
  `button_id` int(11) NOT NULL AUTO_INCREMENT,
  `button_display` varchar(200) DEFAULT NULL,
  `status_id` int(11) DEFAULT NULL,
  `button_order` int(11) DEFAULT NULL,
  `confirm_message` tinytext,
  `button_group_id` int(11) DEFAULT NULL COMMENT 'This is the button group that this button is a member of.',
  `html_instead` text,
  `next_button_id` int(11) DEFAULT NULL,
  PRIMARY KEY (`button_id`)
) ENGINE=MyISAM AUTO_INCREMENT=11 DEFAULT CHARSET=latin1;
/*!40101 SET character_set_client = @saved_cs_client */;

--
-- Dumping data for table `buttons`
--

LOCK TABLES `buttons` WRITE;
/*!40000 ALTER TABLE `buttons` DISABLE KEYS */;
INSERT INTO `buttons` VALUES (1,'test',NULL,1,'test confirmation message',NULL,'test html',NULL),(2,'test',NULL,2,'test confirmation message',NULL,'test html',NULL),(3,'test',NULL,4,'test confirmation message',1,'test html',NULL),(4,'test2',NULL,0,'',1,'',NULL),(7,'test50',NULL,0,'',1,'&lt;br&gt;',NULL),(8,'test 80',NULL,0,'',1,'test test test',NULL),(9,'test1234',NULL,0,'',1,'',NULL),(10,'test100',3,0,'',1,'',NULL);
/*!40000 ALTER TABLE `buttons` ENABLE KEYS */;
UNLOCK TABLES;

--
-- Table structure for table `contact_log`
--

DROP TABLE IF EXISTS `contact_log`;
/*!40101 SET @saved_cs_client     = @@character_set_client */;
/*!40101 SET character_set_client = utf8 */;
CREATE TABLE `contact_log` (
  `contact_log_id` int(10) unsigned NOT NULL AUTO_INCREMENT,
  `date_contacted` date DEFAULT NULL,
  `status_id` varchar(45) DEFAULT NULL,
  `note` text,
  PRIMARY KEY (`contact_log_id`),
  UNIQUE KEY `contact_log_id_UNIQUE` (`contact_log_id`)
) ENGINE=MyISAM DEFAULT CHARSET=latin1 COMMENT='This keeps track of each time you make contact with a person.';
/*!40101 SET character_set_client = @saved_cs_client */;

--
-- Dumping data for table `contact_log`
--

LOCK TABLES `contact_log` WRITE;
/*!40000 ALTER TABLE `contact_log` DISABLE KEYS */;
/*!40000 ALTER TABLE `contact_log` ENABLE KEYS */;
UNLOCK TABLES;

--
-- Table structure for table `publishers`
--

DROP TABLE IF EXISTS `publishers`;
/*!40101 SET @saved_cs_client     = @@character_set_client */;
/*!40101 SET character_set_client = utf8 */;
CREATE TABLE `publishers` (
  `publisher_id` int(11) NOT NULL AUTO_INCREMENT,
  `first_name` tinytext,
  `last_name` tinytext,
  `phone1` varchar(45) DEFAULT NULL,
  `street_address` varchar(45) DEFAULT NULL,
  `city` varchar(45) DEFAULT NULL,
  `state` varchar(45) DEFAULT NULL,
  `zip` varchar(45) DEFAULT NULL,
  `congregation` tinytext,
  `publisherscol` varchar(45) DEFAULT NULL,
  `phone2` varchar(45) DEFAULT NULL,
  PRIMARY KEY (`publisher_id`)
) ENGINE=MyISAM AUTO_INCREMENT=15 DEFAULT CHARSET=latin1;
/*!40101 SET character_set_client = @saved_cs_client */;

--
-- Dumping data for table `publishers`
--

LOCK TABLES `publishers` WRITE;
/*!40000 ALTER TABLE `publishers` DISABLE KEYS */;
INSERT INTO `publishers` VALUES (2,'Dustin','Sanderson','','','','','','Volcano View',NULL,''),(3,'Ruby','Sanderson','','','','','','Volcano View',NULL,''),(6,'Shelly','Wilson','5057307170','','','','','Volcano View',NULL,''),(7,'DJ','Sanderson','','','','','','Volcano View',NULL,''),(8,'Corrine','Morales','5054538513','','','','','Volcano View',NULL,''),(9,'Sidney','Thomas','5056049617','','','','','Volcano View',NULL,''),(10,'Sheila','Thomas','5052619359','','','','','Volcano View',NULL,''),(11,'Maria','Thomas','5056101131','2309 Desertwood dr sw','Albuquerque','NM','87121','Volcano View',NULL,''),(12,'Sharon','Reed','','','','','','Volcano View',NULL,'sharon.hospitalityvision@gmail.com'),(13,'Sandra','Hill','','','Albuquerque','NM','','Volcano View',NULL,'porkysmama@gmail.com'),(14,'Joshua','Thomas','5053795023','2309 Desert Wood dr sw','Albuquerque','NM','87121','Volcano View',NULL,'sonofnun777@gmail.com');
/*!40000 ALTER TABLE `publishers` ENABLE KEYS */;
UNLOCK TABLES;

--
-- Table structure for table `residents`
--

DROP TABLE IF EXISTS `residents`;
/*!40101 SET @saved_cs_client     = @@character_set_client */;
/*!40101 SET character_set_client = utf8 */;
CREATE TABLE `residents` (
  `resident_id` int(11) NOT NULL AUTO_INCREMENT,
  `name` tinytext,
  `address` text,
  `phone_number` varchar(45) DEFAULT NULL,
  `last_called_date` date DEFAULT NULL,
  `status_id` int(11) DEFAULT NULL,
  `territory_id` int(11) DEFAULT NULL,
  `number_of_tries` int(11) DEFAULT NULL,
  `address_export_id` int(11) DEFAULT NULL,
  `status_id2` int(11) DEFAULT NULL,
  `do_not_call` char(1) DEFAULT NULL,
  `day_sleeper` char(1) DEFAULT NULL,
  PRIMARY KEY (`resident_id`)
) ENGINE=InnoDB AUTO_INCREMENT=4604 DEFAULT CHARSET=utf8;
/*!40101 SET character_set_client = @saved_cs_client */;

--
-- Dumping data for table `residents`
--

LOCK TABLES `residents` WRITE;
/*!40000 ALTER TABLE `residents` DISABLE KEYS */;
INSERT INTO `residents` VALUES (127,'Johnny Madrid ','9408 Camino San Martin SW','505-261-6519 \r','2018-05-24',7,3,1,NULL,NULL,NULL,NULL),(128,'Sameul Hicks ','1720 Golden View Dr SW','505-508-5080 \r','2018-05-24',7,3,1,NULL,NULL,NULL,NULL),(129,'Therese Maestas ','1609 Silver Sky Dr SW','505-833-7452 \r','2018-05-24',7,3,1,NULL,NULL,NULL,NULL),(130,'Donald Trujillo ','1619 Silver Sky Dr SW','505-247-0179 \r','2018-05-24',7,3,1,NULL,NULL,NULL,NULL),(131,'Misty Gonzales ','1709 Silver Sky Dr SW','505-507-1225 \r','2018-05-24',7,3,1,NULL,NULL,NULL,NULL),(132,'Thomas Montoya ','1727 Silver Sky Dr SW','505-999-8194 \r','2018-05-24',7,3,1,NULL,NULL,NULL,NULL),(133,'Aaron Powell ','1716 Silver Sky Dr SW','505-839-9151 \r',NULL,NULL,NULL,2,NULL,NULL,NULL,NULL),(134,'Elsa Frayre ','1708 Silver Sky Dr SW','505-836-8699 \r','2018-05-24',7,3,1,NULL,NULL,NULL,NULL),(135,'Sonia Martinez ','9415 Red Rock Rd SW','505-433-2741 \r','2018-05-24',7,3,1,NULL,NULL,NULL,NULL),(136,'Katie McDonald ','9419 Red Rock Rd SW','505-261-8008 \r','2018-05-24',7,3,1,NULL,NULL,NULL,NULL),(142,'Yolanda Fonseca ','2315 Desert Springs Dr SW','505-203-1175 \r','2018-05-24',7,4,1,NULL,NULL,NULL,NULL),(143,'Joseph Griego ','2423 Desert Springs Dr SW','505-833-3583 \r','2018-05-24',7,4,1,NULL,NULL,NULL,NULL),(144,'Erika Jauregui ','2431 Desert Springs Dr SW','505-730-4182 \r','2018-05-24',7,4,1,NULL,NULL,NULL,NULL),(145,'Debra Perea ','7805 April Flower Rd SW','505-839-7482 \r','2018-05-24',7,4,1,NULL,NULL,NULL,NULL),(146,'Joseph Tavarez Jr ','7916 April Flower Rd SW','505-908-5163 \r','2018-05-24',7,4,1,NULL,NULL,NULL,NULL),(147,'Eligio Velasquez Jr. ','7805 Purple Cone Rd SW','505-352-0965 \r','2018-05-24',7,4,1,NULL,NULL,NULL,NULL),(148,'Roberto Anaya ','7905 Purple Cone Rd SW','505-831-0621 \r','2018-05-24',7,4,1,NULL,NULL,NULL,NULL),(149,'Arturo Provos ','7812 Purple Cone Rd SW','505-352-5661 \r','2018-05-24',7,4,1,NULL,NULL,NULL,NULL),(150,'Edith Lino ','7819 Purple Fringe Rd SW','505-480-2819 \r','2018-05-24',7,4,1,NULL,NULL,NULL,NULL),(151,'Raymond Baca ','7912 Purple Fringe Rd SW','505-836-0353 \r','2018-05-24',7,4,1,NULL,NULL,NULL,NULL),(152,'Geraldine Ortiz ','7915 Saltbrush Rd SW','505-836-9846 \r','2018-05-24',7,4,1,NULL,NULL,NULL,NULL),(153,'Thomas Jaramillo ','7904 Saltbrush Rd SW','505-459-1635 \r','2018-05-24',7,4,1,NULL,NULL,NULL,NULL),(154,'Libby Lopez ','2200 Desert Wood Dr SW','505-310-4595 \r','2018-05-24',7,4,1,NULL,NULL,NULL,NULL),(155,'Jose Gutierrez ','2304 Desert Wood Dr SW','505-833-0750 \r','2018-05-24',7,4,1,NULL,NULL,NULL,NULL),(156,'Elizabeth Montoya ','2308 Desert Wood Dr SW','505-352-1475 \r','2018-05-24',7,4,1,NULL,NULL,NULL,NULL),(157,'Alex Millan ','2428 Desert Wood Dr SW','505-836-7638 \r','2018-05-24',7,4,1,NULL,NULL,NULL,NULL),(158,'Rosa Catano ','2409 Desert Wood Dr SW','505-717-9692 \r','2018-05-24',7,4,1,NULL,NULL,NULL,NULL),(159,'Christiana Tafoya ','2405 Desert Wood Dr SW','505-362-7482 \r','2018-05-24',7,4,1,NULL,NULL,NULL,NULL),(160,'Dawndee Onorato ','2311 Desert Wood Dr SW','505-831-4293 \r','2018-05-31',7,4,1,NULL,NULL,NULL,NULL),(161,'Joshua Thomas Jr. ','2309 Desert Wood Dr SW','505-836-4087 \r','2018-05-31',7,4,1,NULL,NULL,NULL,NULL),(162,'Adolfo Ortiz ','2300 Purple Rock Pl SW','505-352-1380 \r','2018-05-31',7,4,1,NULL,NULL,NULL,NULL),(163,'Rickey G Jones Ii ','2304 Purple Rock Pl SW','505-907-5908 \r','2018-05-31',7,4,1,NULL,NULL,NULL,NULL),(164,'Cruz Gutierrez ','2404 Purple Rock Pl SW','505-839-8413 \r','2018-05-31',7,4,1,NULL,NULL,NULL,NULL),(165,'Fernando Gutierrez ','2431 Purple Rock Pl SW','505-836-9686 \r','2018-05-31',7,4,1,NULL,NULL,NULL,NULL),(166,'Janie Hudgeons ','2409 Purple Rock Pl SW','505-836-3558 \r','2018-05-31',7,4,1,NULL,NULL,NULL,NULL),(167,'Angela Candelaria ','7924 Rock Springs Rd SW','505-352-1388 \r','2018-05-31',7,4,1,NULL,NULL,NULL,NULL),(168,'Michael Rodriguez ','2409 Native Flower Pl SW','505-352-0170 \r','2018-05-31',7,4,1,NULL,NULL,NULL,NULL),(169,'Donald Greer ','2419 Native Flower Pl SW','505-833-5952 \r',NULL,NULL,4,NULL,NULL,6,NULL,NULL),(170,'Nancy Hines ','2300 Spring Flower Pl SW','505-831-8014 \r','2018-05-31',7,4,1,NULL,NULL,NULL,NULL),(171,'Esdras Morales-Travievo ','2304 Spring Flower Pl SW','505-839-9365 \r','2018-05-31',7,4,1,NULL,NULL,NULL,NULL),(172,'Maria Marquez ','2308 Spring Flower Pl SW','505-881-2968 \r','2018-05-31',7,4,1,NULL,NULL,NULL,NULL),(173,'Julian Lucero','2404 Spring Flower Pl SW','505-352-2817 \r','2018-05-31',7,4,1,NULL,NULL,NULL,NULL),(1569,'Ashley Radford ','800 Brackett Dr SW ',NULL,NULL,NULL,17,NULL,NULL,NULL,'','\r'),(1570,'Enrique Mendoza ','804 Brackett Dr SW ',NULL,NULL,NULL,17,NULL,NULL,NULL,'','\r'),(1571,'Perla Toledo ','808 Brackett Dr SW ',NULL,NULL,NULL,17,NULL,NULL,6,'','y'),(1572,'Armando Reyes Sr ','812 Brackett Dr SW ',NULL,NULL,NULL,17,NULL,NULL,NULL,'','\r'),(1573,'Robert Sapien ','816 Brackett Dr SW ',NULL,NULL,NULL,17,NULL,NULL,NULL,'','\r'),(1574,'Mary Lucero ','820 Brackett Dr SW ',NULL,NULL,NULL,17,NULL,NULL,NULL,'','\r'),(1575,'Faron Francisco ','824 Brackett Dr SW ',NULL,NULL,NULL,17,NULL,NULL,NULL,'','\r'),(1576,'Luanna Montanez ','828 Brackett Dr SW ',NULL,NULL,NULL,17,NULL,NULL,NULL,'','\r'),(1577,'Jennifer Davidson ','832 Brackett Dr SW ',NULL,NULL,NULL,17,NULL,NULL,NULL,'','\r'),(1578,'Mikki Ray ','836 Brackett Dr SW ',NULL,NULL,NULL,17,NULL,NULL,3,'y','\r'),(1579,'Leslie Marshall ','840 Brackett Dr SW ',NULL,NULL,NULL,17,NULL,NULL,NULL,'','\r'),(1580,'William Morrow ','900 Brackett Dr SW ','505-296-4329 ',NULL,NULL,17,NULL,NULL,NULL,'','\r'),(1581,'Timothy Jaramillo ','904 Brackett Dr SW ',NULL,NULL,NULL,17,NULL,NULL,NULL,'','\r'),(1582,'Lillian Abeyta ','908 Brackett Dr SW ',NULL,NULL,NULL,17,NULL,NULL,NULL,'','\r'),(1583,'Janeth Alvidrez ','912 Brackett Dr SW ',NULL,NULL,NULL,17,NULL,NULL,NULL,'','\r'),(1584,'Leann Sanchez ','916 Brackett Dr SW ',NULL,NULL,NULL,17,NULL,NULL,NULL,'','\r'),(1585,'Amber Villegas ','8000 Breton Rd SW ',NULL,NULL,NULL,17,NULL,NULL,NULL,'','\r'),(1586,'Star Cruz ','8004 Breton Rd SW ',NULL,NULL,NULL,17,NULL,NULL,NULL,'','\r'),(1587,'Naty Hernandez ','8015 Lyman Rd SW ',NULL,NULL,NULL,17,NULL,NULL,NULL,'','\r'),(1588,'Elizabeth Baca ','8019 Lyman Rd SW ','505-554-1268 ',NULL,NULL,17,NULL,NULL,NULL,'','\r'),(1589,'Nathan Doyle ','801 Corel Dr SW ',NULL,NULL,NULL,17,NULL,NULL,NULL,'','\r'),(1590,'Erica Narvaiz ','805 Corel Dr SW ',NULL,NULL,NULL,17,NULL,NULL,NULL,'','\r'),(1591,'Teresa Ramirez ','809 Corel Dr SW ','505-836-2518 ',NULL,NULL,17,NULL,NULL,NULL,'','\r'),(1592,'Ashley Apodaca ','815 Corel Dr SW ',NULL,NULL,NULL,17,NULL,NULL,NULL,'','\r'),(1593,'Alex Torres ','819 Corel Dr SW ','505-836-7599 ',NULL,NULL,17,NULL,NULL,NULL,'','\r'),(1594,'Ana Facio ','823 Corel Dr SW ',NULL,NULL,NULL,17,NULL,NULL,6,'','y'),(1595,'Felicia Sandoval ','827 Corel Dr SW ',NULL,NULL,NULL,17,NULL,NULL,NULL,'','\r'),(1596,'Marina Ortigoza ','831 Corel Dr SW ',NULL,NULL,NULL,17,NULL,NULL,NULL,'','\r'),(1597,'Leon Pilar ','835 Corel Dr SW ',NULL,NULL,NULL,17,NULL,NULL,NULL,'','\r'),(1598,'Prescilla Garcia ','839 Corel Dr SW ',NULL,NULL,NULL,17,NULL,NULL,NULL,'','\r'),(1599,'Norma Garcia ','901 Corel Dr SW ','505-831-1634 ',NULL,NULL,17,NULL,NULL,NULL,'','\r'),(1600,'Elias Renteria Sr. ','905 Corel Dr SW ',NULL,NULL,NULL,17,NULL,NULL,NULL,'','\r'),(1601,'Bianca Morales ','909 Corel Dr SW ','787-396-3540 ',NULL,NULL,17,NULL,NULL,3,'','\r'),(1602,'Megan Arriola ','915 Corel Dr SW ',NULL,NULL,NULL,17,NULL,NULL,NULL,'','\r'),(1603,'Joe Chavez ','919 Corel Dr SW ',NULL,NULL,NULL,17,NULL,NULL,NULL,'','\r'),(1604,'Beth Sanchez ','923 Corel Dr SW ',NULL,NULL,NULL,17,NULL,NULL,NULL,'','\r'),(1605,'Medardo Gonzales Jr. ','927 Corel Dr SW ',NULL,NULL,NULL,17,NULL,NULL,NULL,'','\r'),(1606,'Juanita Ortiz ','931 Corel Dr SW ',NULL,NULL,NULL,17,NULL,NULL,NULL,'','\r'),(1607,'Brenda Lerma ','935 Corel Dr SW ',NULL,NULL,NULL,17,NULL,NULL,NULL,'','\r'),(1608,'JEFFREY WILLIAMS','939 Corel Dr SW ',NULL,NULL,NULL,17,NULL,NULL,NULL,'','\r'),(1609,'BONNIE ROMAN','943 Corel Dr SW ',NULL,NULL,NULL,17,NULL,NULL,NULL,'','\r'),(1610,'Monique Felix ','947 Corel Dr SW ','505-720-1321 ',NULL,NULL,17,NULL,NULL,NULL,'','\r'),(1611,'Barry Mitchell ','916 Corel Dr SW ','505-352-0056 ',NULL,NULL,17,NULL,NULL,NULL,'','\r'),(1612,'Penny Zimmerman ','912 Corel Dr SW ',NULL,NULL,NULL,17,NULL,NULL,3,'y','\r'),(1613,'Maria Enriquez ','908 Corel Dr SW ',NULL,NULL,NULL,17,NULL,NULL,NULL,'','\r'),(1614,'Lori Lopez ','904 Corel Dr SW ',NULL,NULL,NULL,17,NULL,NULL,NULL,'','\r'),(1615,'Crystal Rascon ','900 Corel Dr SW ',NULL,NULL,NULL,17,NULL,NULL,NULL,'','\r'),(1616,'Ernest Chavez Jr. ','840 Corel Dr SW ','505-877-2981 ',NULL,NULL,17,NULL,NULL,3,'y','\r'),(1617,'DAWN  VEGA','836 Corel Dr SW ',NULL,NULL,NULL,17,NULL,NULL,NULL,'','\r'),(1618,'Alberto Valles ','832 Corel Dr SW ',NULL,NULL,NULL,17,NULL,NULL,NULL,'','\r'),(1619,'Oriana Cottrell ','828 Corel Dr SW ',NULL,NULL,NULL,17,NULL,NULL,NULL,'','\r'),(1620,'Carmen Sedillo ','824 Corel Dr SW ','505-831-2585 ',NULL,NULL,17,NULL,NULL,NULL,'','\r'),(1621,'Crystal Escamilla ','820 Corel Dr SW ',NULL,NULL,NULL,17,NULL,NULL,NULL,'','\r'),(1622,'Monick Salazar ','816 Corel Dr SW ',NULL,NULL,NULL,17,NULL,NULL,NULL,'','\r'),(1623,'Silvia Coronado ','7908 Blue Avena Ave SW','505-261-6488 ','2018-05-31',7,18,1,NULL,NULL,'','\r'),(1624,'Johnny Chavez ','7914 Blue Avena Ave SW','505-839-1765 ','2018-05-31',7,18,1,NULL,NULL,'','\r'),(1625,'Susanna Eserna ','1909 Shadetree Dr SW','505-831-0431 ','2018-05-31',7,18,1,NULL,NULL,'','\r'),(1626,'Guadalupe Alvidrez ','1939 Shadetree Dr SW','505-352-0939 ','2018-05-31',7,18,1,NULL,NULL,'','\r'),(1627,'Emilia Benavidez ','1914 Shadetree Dr SW','505-515-8429 ','2018-05-31',7,18,1,NULL,NULL,'','\r'),(1628,'Edward Jurado ','1904 Shadetree Dr SW','505-883-5312 ','2018-05-31',7,18,1,NULL,NULL,'','\r'),(1629,'Yvette Asenap ','1834 Shadetree Dr SW','505-836-2318 ','2018-05-31',7,18,1,NULL,NULL,'','\r'),(1630,'Sara Padilla ','1830 Shadetree Dr SW','505-839-2156 ','2018-05-31',7,18,1,NULL,6,'','y'),(1631,'Antonio Nunez ','1818 Shadetree Dr SW','505-261-8367 ','2018-05-31',7,18,1,NULL,NULL,'','\r'),(1632,'Jose A & Argentina Ulloa ','7900 Silverberry Rd SW','505-554-3733 ','2018-05-31',7,18,1,NULL,NULL,'','\r'),(1633,'David Lopez ','7901 Silverberry Rd SW','505-839-5394 ','2018-05-31',7,18,1,NULL,NULL,'','\r'),(1634,'Helen Candelaria ','7819 Silverberry Rd SW','505-238-9480 ','2018-06-07',7,18,1,NULL,NULL,'','\r'),(1635,'Johnny R Nieto ','7827 Desert Springs Ct SW','505-440-4750 ','2018-06-07',7,18,1,NULL,NULL,'','\r'),(1636,'Joyce Paiz ','7804 Desert Springs Ct SW','505-304-4525 ','2018-06-07',7,18,1,NULL,NULL,'','\r'),(1637,'Evangelina Lopez ','7808 Rainwater Rd SW','505-452-3137 ','2018-06-07',8,18,1,NULL,NULL,'','\r'),(1638,'Candace Chavez ','7814 Rainwater Rd SW','505-459-0293 ','2018-06-07',7,18,1,NULL,NULL,'','\r'),(1639,'Ida Grant ','7904 Rainwater Rd SW','505-836-2833 ',NULL,NULL,18,NULL,NULL,3,'y','\r'),(1640,'Manuel Saiz ','7805 Desert Canyon Pl SW','505-839-0088 ','2018-06-07',7,18,1,NULL,NULL,'','\r'),(1641,'David Sutter ','7827 Desert Canyon Pl SW','847-888-0759 ','2018-06-07',7,18,1,NULL,NULL,'','\r'),(1642,'Lilly Fernandez ','7800 Blue Avena Ave SW',NULL,'2018-05-30',NULL,18,NULL,9,NULL,'','\r'),(1643,'Keyana Wilson ','7804 Blue Avena Ave SW',NULL,'2018-05-30',NULL,18,NULL,9,NULL,'','\r'),(1644,'Yvonne Garcia ','7808 Blue Avena Ave SW',NULL,'2018-05-30',NULL,18,NULL,9,NULL,'','\r'),(1645,'Victor Gomez ','7814 Blue Avena Ave SW',NULL,'2018-05-30',NULL,18,NULL,9,NULL,'','\r'),(1646,'Leydis Caro ','7818 Blue Avena Ave SW',NULL,'2018-05-30',NULL,18,NULL,9,NULL,'','\r'),(1647,'Donna Chavez ','7900 Blue Avena Ave SW',NULL,'2018-05-30',NULL,18,NULL,9,NULL,'','\r'),(1648,'Rachael Graham ','7904 Blue Avena Ave SW',NULL,'2018-05-30',NULL,18,NULL,9,NULL,'','\r'),(1649,'Christopher Archuleta ','7918 Blue Avena Ave SW',NULL,'2018-05-30',NULL,18,NULL,9,NULL,'','\r'),(1650,'Michelle Montez ','7909 Blue Avena Ave SW',NULL,'2018-05-30',NULL,18,NULL,9,NULL,'','\r'),(1651,'Juan Barajas ','7905 Blue Avena Ave SW',NULL,'2018-05-30',NULL,18,NULL,9,NULL,'','\r'),(1652,'Jessica Griego ','7901 Blue Avena Ave SW',NULL,'2018-06-03',NULL,18,NULL,10,NULL,'','\r'),(1653,'Tabatha Maldonado ','7819 Blue Avena Ave SW Albuquerque',NULL,'2018-06-11',NULL,18,NULL,12,NULL,'',''),(1654,'Michelle LaGrange ','7815 Blue Avena Ave SW',NULL,'2018-06-03',NULL,18,NULL,10,NULL,'','\r'),(1655,'Yolanda Abeyta ','7809 Blue Avena Ave SW',NULL,'2018-06-03',NULL,18,NULL,10,NULL,'','\r'),(1656,'Eugene Wash ','7805 Blue Avena Ave SW',NULL,'2018-06-03',NULL,18,NULL,10,NULL,'','\r'),(1657,'Jack Anaya ','7801 Blue Avena Ave SW',NULL,'2018-06-03',NULL,18,NULL,10,NULL,'','\r'),(1658,'Jorge Maldonado ','1801 Shadetree Dr SW',NULL,'2018-06-03',NULL,18,NULL,10,NULL,'','\r'),(1659,'Barbara Aragon ','1805 Shadetree Dr SW',NULL,'2018-06-03',NULL,18,NULL,10,NULL,'','\r'),(1660,'Shannon Grey ','1809 Shadetree Dr SW',NULL,'2018-06-03',NULL,18,NULL,10,NULL,'','\r'),(1661,'Dustin Usher ','1815 Shadetree Dr SW',NULL,'2018-06-03',NULL,18,NULL,10,NULL,'','\r'),(1662,'Martin A Meraz ','1819 Shadetree Dr SW',NULL,'2018-06-03',NULL,18,NULL,10,NULL,'','\r'),(1663,'Mario Ortega ','1823 Shadetree Dr SW',NULL,'2018-06-03',NULL,18,NULL,10,NULL,'','\r'),(1664,'Joshua Lee ','1827 Shadetree Dr SW',NULL,'2018-06-03',NULL,18,NULL,10,NULL,'','\r'),(1665,'Crystal M Dickson ','1831 Shadetree Dr SW',NULL,'2018-06-03',NULL,18,NULL,10,NULL,'','\r'),(1666,'Lynn Maldonado ','1835 Shadetree Dr SW',NULL,'2018-06-03',NULL,18,NULL,10,NULL,'','\r'),(1667,'David Reed ','1839 Shadetree Dr SW',NULL,'2018-06-03',NULL,18,NULL,10,NULL,'','\r'),(1668,'Adrienne Mares ','1843 Shadetree Dr SW',NULL,'2018-06-03',NULL,18,NULL,10,NULL,'','\r'),(1669,'Lucia Romero ','1901 Shadetree Dr SW',NULL,'2018-06-03',NULL,18,NULL,10,NULL,'','\r'),(1670,'Patty Lopez ','1905 Shadetree Dr SW',NULL,'2018-06-03',NULL,18,NULL,10,NULL,'','\r'),(1671,'Brandon Trujillo ','1915 Shadetree Dr SW',NULL,'2018-06-03',NULL,18,NULL,10,NULL,'','\r'),(1672,'Eric Gonzalez ','1919 Shadetree Dr SW',NULL,'2018-06-03',NULL,18,NULL,10,NULL,'','\r'),(1673,'Jared Curry ','1923 Shadetree Dr SW',NULL,'2018-06-06',NULL,18,NULL,11,NULL,'','\r'),(1674,'Javier Salazar ','1927 Shadetree Dr SW',NULL,'2018-06-06',NULL,18,NULL,11,NULL,'','\r'),(1675,'Maria DelGado ','1931 Shadetree Dr SW',NULL,'2018-06-06',NULL,18,NULL,11,NULL,'','\r'),(1676,'Aaron Garcia ','1935 Shadetree Dr SW',NULL,'2018-06-06',NULL,18,NULL,11,NULL,'','\r'),(1677,'Gilberto Velazco ','1943 Shadetree Dr SW',NULL,'2018-06-06',NULL,18,NULL,11,NULL,'','\r'),(1678,'Nick Vargas ','1950 Shadetree Dr SW',NULL,'2018-06-06',NULL,18,NULL,11,NULL,'','\r'),(1679,'Isaac Lucero ','1946 Shadetree Dr SW',NULL,'2018-06-06',NULL,18,NULL,11,NULL,'','\r'),(1680,'Jose Garcia ','1942 Shadetree Dr SW',NULL,'2018-06-06',NULL,18,NULL,11,NULL,'','\r'),(1681,'Cesar Pinon ','1938 Shadetree Dr SW',NULL,'2018-06-06',NULL,18,NULL,11,NULL,'','\r'),(1682,'Jennifer Herrera ','1934 Shadetree Dr SW',NULL,'2018-06-06',NULL,18,NULL,11,NULL,'','\r'),(1683,'Marie Martinez ','1930 Shadetree Dr SW',NULL,'2018-06-06',NULL,18,NULL,11,NULL,'','\r'),(1684,'Sotelo Loisel ','1926 Shadetree Dr SW',NULL,'2018-06-06',NULL,18,NULL,11,NULL,'','\r'),(1685,'Laura Orozcco ','1922 Shadetree Dr SW',NULL,'2018-06-06',NULL,18,NULL,11,NULL,'','\r'),(1686,'Jeanene Sigala ','1918 Shadetree Dr SW',NULL,'2018-06-06',NULL,18,NULL,11,NULL,'','\r'),(1687,'Cheryl Parrett ','1908 Shadetree Dr SW',NULL,'2018-06-06',NULL,18,NULL,11,NULL,'','\r'),(1688,'Athena Samora ','1838 Shadetree Dr SW',NULL,'2018-06-06',NULL,18,NULL,11,NULL,'','\r'),(1689,'Leanne Moya ','1826 Shadetree Dr SW',NULL,'2018-06-06',NULL,18,NULL,11,NULL,'','\r'),(1690,'Victor Trujillo ','1822 Shadetree Dr SW',NULL,NULL,NULL,18,NULL,NULL,3,'y','\r'),(1691,'David DeLaCruz ','1814 Shadetree Dr SW',NULL,'2018-06-06',NULL,18,NULL,11,NULL,'','\r'),(1692,'Frank Chavez ','7800 Silverberry Rd SW',NULL,'2018-06-06',NULL,18,NULL,11,NULL,'','\r'),(1693,'Juan Acosta ','7804 Silverberry Rd SW',NULL,'2018-06-06',NULL,18,NULL,11,NULL,'','\r'),(1694,'Jacob Lucero ','7808 Silverberry Rd SW',NULL,'2018-06-06',NULL,18,NULL,11,NULL,'','\r'),(1695,'Elsa Rivera ','7814 Silverberry Rd SW',NULL,'2018-06-06',NULL,18,NULL,11,NULL,'','\r'),(1696,'Sergio Sanchez ','7818 Silverberry Rd SW',NULL,'2018-06-06',NULL,18,NULL,11,NULL,'','\r'),(1697,'Renee Archibeque ','7904 Silverberry Rd SW',NULL,'2018-06-06',NULL,18,NULL,11,NULL,'','\r'),(1698,'Aurora Ortiz ','7908 Silverberry Rd SW',NULL,'2018-06-06',NULL,18,NULL,11,NULL,'','\r'),(1699,'Kathy Olivas ','7915 Silverberry Rd SW',NULL,'2018-06-06',NULL,18,NULL,11,NULL,'','\r'),(1700,'Sandra Olivares ','7909 Silverberry Rd SW',NULL,'2018-06-06',NULL,18,NULL,11,NULL,'','\r'),(1701,'Transito Cano ','7905 Silverberry Rd SW',NULL,'2018-06-06',NULL,18,NULL,11,NULL,'','\r'),(1702,'Rosita Quinones ','7815 Silverberry Rd SW',NULL,'2018-06-06',NULL,18,NULL,11,NULL,'','\r'),(1703,'Hector Cordol ','7809 Silverberry Rd SW',NULL,'2018-06-06',NULL,18,NULL,11,NULL,'','\r'),(1704,'Celynda Yawea ','7805 Silverberry Rd SW',NULL,'2018-06-11',NULL,18,NULL,12,NULL,'','\r'),(1705,'Federico Barron ','7801 Desert Springs Ct SW',NULL,'2018-06-11',NULL,18,NULL,12,NULL,'','\r'),(1706,'Jeffrey Sandoval ','7809 Desert Springs Ct SW',NULL,'2018-06-11',NULL,18,NULL,12,6,'','y'),(1707,'Maria Marrufo ','7815 Desert Springs Ct SW',NULL,'2018-06-11',NULL,18,NULL,12,NULL,'','\r'),(1708,'current resident','7819 Desert Springs Ct SW',NULL,'2018-06-11',NULL,18,NULL,12,NULL,'','\r'),(1709,'Dawn Jones ','7823 Desert Springs Ct SW',NULL,'2018-06-11',NULL,18,NULL,12,NULL,'','\r'),(1710,'Carmen Nevarez ','7826 Desert Springs Ct SW',NULL,'2018-06-11',NULL,18,NULL,12,NULL,'','\r'),(1711,'Yolanda Lucero ','7822 Desert Springs Ct SW',NULL,'2018-06-11',NULL,18,NULL,12,NULL,'','\r'),(1712,'Gabriela Lopez ','7818 Desert Springs Ct SW',NULL,'2018-06-11',NULL,18,NULL,12,NULL,'','\r'),(1713,'Melanie Manuelito ','7814 Desert Springs Ct SW',NULL,'2018-06-11',NULL,18,NULL,12,NULL,'','\r'),(1714,'Erica Terrazas ','7808 Desert Springs Ct SW',NULL,'2018-06-11',NULL,18,NULL,12,NULL,'','\r'),(1715,'Bernardo Pedroza ','7800 Desert Springs Ct SW',NULL,'2018-06-11',NULL,18,NULL,12,NULL,'','\r'),(1716,'Robert Lopez ','7800 Rainwater Rd SW',NULL,'2018-06-11',NULL,18,NULL,12,NULL,'','\r'),(1717,'Mary Gauna ','7804 Rainwater Rd SW',NULL,'2018-06-11',NULL,18,NULL,12,NULL,'','\r'),(1718,'Robert Romero ','7900 Rainwater Rd SW',NULL,'2018-06-11',NULL,18,NULL,12,NULL,'','\r'),(1719,'Alberto Borjas ','7908 Rainwater Rd SW',NULL,'2018-06-11',NULL,18,NULL,12,NULL,'','\r'),(1720,'Rosie Hernandez ','7914 Rainwater Rd SW',NULL,NULL,NULL,18,NULL,NULL,NULL,'','\r'),(1721,'current resident','7915 Rainwater Rd SW',NULL,NULL,NULL,18,NULL,NULL,NULL,'','\r'),(1722,'Trinidad Trejo-Guerrero ','7909 Rainwater Rd SW',NULL,NULL,NULL,18,NULL,NULL,NULL,'','\r'),(1723,'Darlene Esquibel ','7905 Rainwater Rd SW',NULL,NULL,NULL,18,NULL,NULL,NULL,'','\r'),(1724,'Mike Garcia ','7901 Rainwater Rd SW',NULL,NULL,NULL,18,NULL,NULL,NULL,'','\r'),(1725,'Samuel Vinson ','7815 Rainwater Rd SW',NULL,NULL,NULL,18,NULL,NULL,NULL,'','\r'),(1726,'Ana Talamantes ','7809 Rainwater Rd SW',NULL,NULL,NULL,18,NULL,NULL,NULL,'','\r'),(1727,'Omar Lopez-Gaytan ','7805 Rainwater Rd SW',NULL,NULL,NULL,18,NULL,NULL,NULL,'','\r'),(1728,'Francisco Tarango ','7801 Rainwater Rd SW',NULL,NULL,NULL,18,NULL,NULL,NULL,'','\r'),(1729,'Leroy Duran ','7801 Desert Canyon Pl SW',NULL,NULL,NULL,18,NULL,NULL,NULL,'','\r'),(1730,'Samone Vigil ','7809 Desert Canyon Pl SW',NULL,NULL,NULL,18,NULL,NULL,NULL,'','\r'),(1731,'Monica Montoya-Baca ','7815 Desert Canyon Pl SW',NULL,NULL,NULL,18,NULL,NULL,NULL,'','\r'),(1732,'Mario Valle ','7819 Desert Canyon Pl SW',NULL,NULL,NULL,18,NULL,NULL,NULL,'','\r'),(1733,'Arthur Martinez ','7823 Desert Canyon Pl SW',NULL,NULL,NULL,18,NULL,NULL,NULL,'','\r'),(1734,'Felecia Casias ','7826 Desert Canyon Pl SW',NULL,NULL,NULL,18,NULL,NULL,NULL,'','\r'),(1735,'Jesse Martinez ','7824 Desert Canyon Pl SW',NULL,NULL,NULL,18,NULL,NULL,NULL,'','\r'),(1736,'Gerald Nieto ','7818 Desert Canyon Pl SW',NULL,NULL,NULL,18,NULL,NULL,NULL,'','\r'),(1737,'Leonard Chavez ','7814 Desert Canyon Pl SW',NULL,NULL,NULL,18,NULL,NULL,NULL,'','\r'),(1738,'Elena Gurule ','7808 Desert Canyon Pl SW',NULL,NULL,NULL,18,NULL,NULL,NULL,'','\r'),(1739,'Tracy Mann ','7804 Desert Canyon Pl SW',NULL,NULL,NULL,18,NULL,NULL,NULL,'','\r'),(1740,'Sarita Lucero ','7800 Desert Canyon Pl SW',NULL,NULL,NULL,18,NULL,NULL,6,'','y'),(1750,'Melody Jolly ','10905 Crandall Rd SW','503-984-0854 ','2018-06-07',7,19,1,NULL,NULL,'','\r'),(1751,'Brewbaker ','10619 Crandall Rd SW','505-227-5052 ','2018-06-07',7,19,1,NULL,6,'','y'),(1752,'Anita Griego ','10600 Crandall Rd SW','847-251-8658 ','2018-06-07',7,19,1,NULL,NULL,'','\r'),(1753,'James Otero ','10604 Crandall Rd SW','505-877-3358 ','2018-06-07',7,19,1,NULL,NULL,'','\r'),(1754,'Silvis Karra ','10612 Crandall Rd SW','716-433-3970 ','2018-06-07',7,19,1,NULL,NULL,'','\r'),(1755,'Justin Worley ','10712 Crandall Rd SW','505-489-0078 ','2018-06-07',7,19,1,NULL,NULL,'','\r'),(1756,'Jamie Montoya ','10900 Crandall Rd SW','505-384-3021 ','2018-06-07',7,19,1,NULL,NULL,'','\r'),(1757,'Denise Verdugo ','10805 Denton Rd SW','505-881-4660 ','2018-06-07',7,19,1,NULL,NULL,'','\r'),(1758,'Liza Lucero ','10701 Denton Rd SW','505-877-8367 ','2018-06-07',7,19,1,NULL,NULL,'','\r'),(1759,'Adam Sisneros ','10612 Denton Rd SW','505-261-0692 ','2018-06-07',7,19,1,NULL,6,'','y'),(1760,'Romero Florido ','10704 Denton Rd SW','505-839-8034 ','2018-06-07',7,19,1,NULL,NULL,'','\r'),(1761,'Maria Rodriguez ','10800 Denton Rd SW','505-242-9946 ','2018-06-07',7,19,1,NULL,NULL,'','\r'),(1762,'Maribel Flores ','10824 Denton Rd SW','505-440-5547 ','2018-06-07',7,19,1,NULL,NULL,'','\r'),(1763,'Saul Grijalva ','10920 Denton Rd SW','505-833-4445 ','2018-06-07',NULL,19,1,NULL,3,'','\r'),(1764,'Yvonne Jaramillo ','10923 Golinda Rd SW','505-833-4269 ','2018-06-07',7,19,1,NULL,NULL,'','\r'),(1765,'Leandro Lane ','10805 Golinda Rd SW','505-920-5578 ','2018-06-07',7,19,1,NULL,NULL,'','\r'),(1766,'Zulema Vasquez ','2215 Garland Ct SW','505-836-3228 ','2018-06-07',7,19,1,NULL,NULL,'','\r'),(1767,'Chantel Kollbocker ','2208 Odessa Ct SW','505-839-1533 ','2018-06-07',7,19,1,NULL,NULL,'','\r'),(1768,'Monica Pena-Morla ','2223 Odessa Ct SW','786-464-9615 ','2018-06-07',7,19,1,NULL,NULL,'','\r'),(1769,'Jason Najar ','2215 Odessa Ct SW','505-554-1540 ','2018-06-07',7,19,1,NULL,NULL,'','\r'),(1770,'Amanda Armendariz ','2205 Odessa Ct SW','505-839-0600 ','2018-06-07',8,19,1,NULL,NULL,'','\r'),(1771,'Kenneth Schaaf Jr. ','2200 Panola St SW','505-352-6499 ','2018-06-07',7,19,1,NULL,NULL,'','\r'),(1772,' ','2219 Vinton St SW','505-352-0651 ',NULL,NULL,19,NULL,NULL,3,'y','\r'),(1773,'Milton Dossey Jr. ','10923 Crandall Rd SW',NULL,NULL,NULL,19,NULL,NULL,NULL,'','\r'),(1774,'Kaylee Tejeda ','10919 Crandall Rd SW',NULL,NULL,NULL,19,NULL,NULL,NULL,'','\r'),(1775,'Jacob May ','10915 Crandall Rd SW',NULL,NULL,NULL,19,NULL,NULL,NULL,'','\r'),(1776,'Edgar U Carrete ','10909 Crandall Rd SW',NULL,NULL,NULL,19,NULL,NULL,NULL,'','\r'),(1777,'Frank Cinnella ','10901 Crandall Rd SW',NULL,NULL,NULL,19,NULL,NULL,NULL,'','\r'),(1778,'Donnie Begay ','10823 Crandall Rd SW',NULL,NULL,NULL,19,NULL,NULL,NULL,'','\r'),(1779,'Joaquin Barela ','10819 Crandall Rd SW',NULL,NULL,NULL,19,NULL,NULL,NULL,'','\r'),(1780,'Raquel Teran ','10815 Crandall Rd SW',NULL,NULL,NULL,19,NULL,NULL,NULL,'','\r'),(1781,'Jann Hatley ','10809 Crandall Rd SW',NULL,NULL,NULL,19,NULL,NULL,NULL,'','\r'),(1782,'Katherine Ruthven ','10805 Crandall Rd SW',NULL,NULL,NULL,19,NULL,NULL,NULL,'','\r'),(1783,'Gregory Steiner ','10801 Crandall Rd SW',NULL,NULL,NULL,19,NULL,NULL,NULL,'','\r'),(1784,'Rosa Lima ','10719 Crandall Rd SW',NULL,NULL,NULL,19,NULL,NULL,NULL,'','\r'),(1785,'Jose C Mercado ','10715 Crandall Rd SW',NULL,NULL,NULL,19,NULL,NULL,NULL,'','\r'),(1786,'Porfie Maldonado ','10709 Crandall Rd SW',NULL,NULL,NULL,19,NULL,NULL,NULL,'','\r'),(1787,'Rose Cordova ','10705 Crandall Rd SW',NULL,NULL,NULL,19,NULL,NULL,NULL,'','\r'),(1788,'Paul Hallsted ','10701 Crandall Rd SW',NULL,NULL,NULL,19,NULL,NULL,NULL,'','\r'),(1789,'Zachary Rutledge ','10623 Crandall Rd SW',NULL,NULL,NULL,19,NULL,NULL,NULL,'','\r'),(1790,'Jose Melgar ','10615 Crandall Rd SW',NULL,NULL,NULL,19,NULL,NULL,NULL,'','\r'),(1791,'Barbara Olguin ','10609 Crandall Rd SW',NULL,NULL,NULL,19,NULL,NULL,NULL,'','\r'),(1792,'Antonia Mirabal ','10605 Crandall Rd SW',NULL,NULL,NULL,19,NULL,NULL,NULL,'','\r'),(1793,'Victor Gutierrez ','10601 Crandall Rd SW',NULL,NULL,NULL,19,NULL,NULL,NULL,'','\r'),(1794,'Gabriela Castillo ','10608 Crandall Rd SW',NULL,NULL,NULL,19,NULL,NULL,NULL,'','\r'),(1795,'Stephen Mayville ','10616 Crandall Rd SW',NULL,NULL,NULL,19,NULL,NULL,NULL,'','\r'),(1796,'Beverly Armijo ','10620 Crandall Rd SW',NULL,NULL,NULL,19,NULL,NULL,NULL,'','\r'),(1797,'Georgina Nungaray ','10700 Crandall Rd SW',NULL,NULL,NULL,19,NULL,NULL,3,'y','\r'),(1798,'Brandon Lewis ','10704 Crandall Rd SW',NULL,NULL,NULL,19,NULL,NULL,NULL,'','\r'),(1799,'Tawanda Welch ','10708 Crandall Rd SW',NULL,NULL,NULL,19,NULL,NULL,NULL,'','\r'),(1800,'Rene Ruiz ','10716 Crandall Rd SW',NULL,NULL,NULL,19,NULL,NULL,NULL,'','\r'),(1801,'Maura Kennedy ','10800 Crandall Rd SW',NULL,NULL,NULL,19,NULL,NULL,NULL,'','\r'),(1802,'Arturo Vazquez-Ortiz ','10804 Crandall Rd SW',NULL,NULL,NULL,19,NULL,NULL,NULL,'','\r'),(1803,'Cesar Ceja ','10808 Crandall Rd SW',NULL,NULL,NULL,19,NULL,NULL,NULL,'','\r'),(1804,'Darlene Amaya ','10812 Crandall Rd SW',NULL,NULL,NULL,19,NULL,NULL,NULL,'','\r'),(1805,'Andrew Sanchez ','10816 Crandall Rd SW',NULL,NULL,NULL,19,NULL,NULL,NULL,'','\r'),(1806,'Teri Serna ','10820 Crandall Rd SW',NULL,NULL,NULL,19,NULL,NULL,3,'y','\r'),(1807,'Annette Maldonado ','10824 Crandall Rd SW',NULL,NULL,NULL,19,NULL,NULL,NULL,'','\r'),(1808,'Celena Cordova ','10904 Crandall Rd SW',NULL,NULL,NULL,19,NULL,NULL,NULL,'','\r'),(1809,'Ann Schreiner ','10908 Crandall Rd SW',NULL,NULL,NULL,19,NULL,NULL,NULL,'','\r'),(1810,'Damian Davis ','10912 Crandall Rd SW',NULL,NULL,NULL,19,NULL,NULL,NULL,'','\r'),(1811,'Luis Acosta ','10920 Crandall Rd SW',NULL,NULL,NULL,19,NULL,NULL,NULL,'','\r'),(1812,'Michelle Forman ','10923 Denton Rd SW',NULL,NULL,NULL,19,NULL,NULL,NULL,'','\r'),(1813,'Estelle Birk ','10915 Denton Rd SW',NULL,NULL,NULL,19,NULL,NULL,NULL,'','\r'),(1814,'April Ruiz ','10909 Denton Rd SW',NULL,NULL,NULL,19,NULL,NULL,NULL,'','\r'),(1815,'Evan Cordova ','10905 Denton Rd SW',NULL,NULL,NULL,19,NULL,NULL,NULL,'','\r'),(1816,'Cynthia Tena ','10901 Denton Rd SW',NULL,NULL,NULL,19,NULL,NULL,NULL,'','\r'),(1817,'Joshua Torres ','10827 Denton Rd SW',NULL,NULL,NULL,19,NULL,NULL,NULL,'','\r'),(1818,'Irene Griego ','10823 Denton Rd SW',NULL,NULL,NULL,19,NULL,NULL,NULL,'','\r'),(1819,'Arthur Almager ','10819 Denton Rd SW',NULL,NULL,NULL,19,NULL,NULL,NULL,'','\r'),(1820,'Lynette Sanchez ','10815 Denton Rd SW',NULL,NULL,NULL,19,NULL,NULL,NULL,'','\r'),(1821,'Francisco Padilla ','10809 Denton Rd SW',NULL,NULL,NULL,19,NULL,NULL,NULL,'','\r'),(1822,'Catherine Ramos ','10801 Denton Rd SW',NULL,NULL,NULL,19,NULL,NULL,NULL,'','\r'),(1823,'Michael Chmura ','10719 Denton Rd SW',NULL,NULL,NULL,19,NULL,NULL,NULL,'','\r'),(1824,'Alvaro Corral ','10715 Denton Rd SW',NULL,NULL,NULL,19,NULL,NULL,NULL,'','\r'),(1825,'Richard Gonzales ','10709 Denton Rd SW',NULL,NULL,NULL,19,NULL,NULL,NULL,'','\r'),(1826,'Jessica Flores ','10705 Denton Rd SW',NULL,NULL,NULL,19,NULL,NULL,NULL,'','\r'),(1827,'Marisela Gonzalez ','10623 Denton Rd SW',NULL,NULL,NULL,19,NULL,NULL,NULL,'','\r'),(1828,'Eric Archuleta ','10619 Denton Rd SW',NULL,NULL,NULL,19,NULL,NULL,NULL,'','\r'),(1829,'Desi Gallegos ','10615 Denton Rd SW',NULL,NULL,NULL,19,NULL,NULL,NULL,'','\r'),(1830,'Monique Sanchez ','10609 Denton Rd SW',NULL,NULL,NULL,19,NULL,NULL,NULL,'','\r'),(1831,'Justin Salazar ','10605 Denton Rd SW',NULL,NULL,NULL,19,NULL,NULL,NULL,'','\r'),(1832,'Patricia Esquibel ','10601 Denton Rd SW',NULL,NULL,NULL,19,NULL,NULL,NULL,'','\r'),(1833,'Cristobal Hernandez ','10600 Denton Rd SW',NULL,NULL,NULL,19,NULL,NULL,NULL,'','\r'),(1834,'Lissette Serrano ','10604 Denton Rd SW',NULL,NULL,NULL,19,NULL,NULL,NULL,'','\r'),(1835,'Mark Johnston ','10608 Denton Rd SW',NULL,NULL,NULL,19,NULL,NULL,NULL,'','\r'),(1836,'Pedro Tunon ','10616 Denton Rd SW',NULL,NULL,NULL,19,NULL,NULL,NULL,'','\r'),(1837,'Joe Lucero ','10620 Denton Rd SW',NULL,NULL,NULL,19,NULL,NULL,NULL,'','\r'),(1838,'Leticia Cereceres ','10700 Denton Rd SW',NULL,NULL,NULL,19,NULL,NULL,NULL,'','\r'),(1839,'Modesta Facio ','10708 Denton Rd SW',NULL,NULL,NULL,19,NULL,NULL,NULL,'','\r'),(1840,'Vicki Ybarra ','10712 Denton Rd SW',NULL,NULL,NULL,19,NULL,NULL,NULL,'','\r'),(1841,'Adrianne Maes ','10716 Denton Rd SW',NULL,NULL,NULL,19,NULL,NULL,NULL,'','\r'),(1842,'Brian Zubia ','10804 Denton Rd SW',NULL,NULL,NULL,19,NULL,NULL,NULL,'','\r'),(1843,'Jose Ramirez ','10808 Denton Rd SW',NULL,NULL,NULL,19,NULL,NULL,NULL,'','\r'),(1844,'Theresa Sanchez ','10812 Denton Rd SW',NULL,NULL,NULL,19,NULL,NULL,NULL,'','\r'),(1845,'Brianna Mamahua ','10816 Denton Rd SW',NULL,NULL,NULL,19,NULL,NULL,NULL,'','\r'),(1846,'Liana Veltman ','10820 Denton Rd SW',NULL,NULL,NULL,19,NULL,NULL,NULL,'','\r'),(1847,'Xavier Villarreal ','10900 Denton Rd SW',NULL,NULL,NULL,19,NULL,NULL,NULL,'','\r'),(1848,'Melissa Rodriguez ','10904 Denton Rd SW',NULL,NULL,NULL,19,NULL,NULL,NULL,'','\r'),(1849,'Maria Salcedo ','10908 Denton Rd SW',NULL,NULL,NULL,19,NULL,NULL,NULL,'','\r'),(1850,'Heather Neville ','10912 Denton Rd SW',NULL,NULL,NULL,19,NULL,NULL,NULL,'','\r'),(1851,'Jose Balderrama ','10915 Golinda Rd SW',NULL,NULL,NULL,19,NULL,NULL,NULL,'','\r'),(1852,'Cheryl Hart ','10909 Golinda Rd SW',NULL,NULL,NULL,19,NULL,NULL,NULL,'','\r'),(1853,'Sildahin Alvarado ','10905 Golinda Rd SW',NULL,NULL,NULL,19,NULL,NULL,NULL,'','\r'),(1854,'Kirsten L Nicholls ','10901 Golinda Rd SW',NULL,NULL,NULL,19,NULL,NULL,NULL,'','\r'),(1855,'Louis Bush ','10827 Golinda Rd SW',NULL,NULL,NULL,19,NULL,NULL,NULL,'','\r'),(1856,'David & Abigail Ortiz ','10823 Golinda Rd SW',NULL,NULL,NULL,19,NULL,NULL,NULL,'','\r'),(1857,'Alfonso Salazar ','10819 Golinda Rd SW',NULL,NULL,NULL,19,NULL,NULL,NULL,'','\r'),(1858,'Barbara Gonzalez ','10815 Golinda Rd SW',NULL,NULL,NULL,19,NULL,NULL,NULL,'','\r'),(1859,'Edgar Rivas ','10809 Golinda Rd SW',NULL,NULL,NULL,19,NULL,NULL,NULL,'','\r'),(1860,'Jenifer Lyon ','10801 Golinda Rd SW',NULL,NULL,NULL,19,NULL,NULL,NULL,'','\r'),(1861,'Jennifer Zamora ','10719 Golinda Rd SW',NULL,NULL,NULL,19,NULL,NULL,NULL,'','\r'),(1862,'Raymond Sloan ','10715 Golinda Rd SW',NULL,NULL,NULL,19,NULL,NULL,NULL,'','\r'),(1863,'Adrian Guerra ','10709 Golinda Rd SW',NULL,NULL,NULL,19,NULL,NULL,NULL,'','\r'),(1864,'Liliana Martinez ','10705 Golinda Rd SW',NULL,NULL,NULL,19,NULL,NULL,NULL,'','\r'),(1865,'Anthony Zamora ','10701 Golinda Rd SW',NULL,NULL,NULL,19,NULL,NULL,NULL,'','\r'),(1866,'Perla Diaz ','10623 Golinda Rd SW',NULL,NULL,NULL,19,NULL,NULL,NULL,'','\r'),(1867,'Angelica Lopez ','10619 Golinda Rd SW',NULL,NULL,NULL,19,NULL,NULL,NULL,'','\r'),(1868,'Juan Escobar ','10615 Golinda Rd SW',NULL,NULL,NULL,19,NULL,NULL,NULL,'','\r'),(1869,'Venessa Montoya ','10609 Golinda Rd SW',NULL,NULL,NULL,19,NULL,NULL,NULL,'','\r'),(1870,'Mark Cerna Jr. ','10605 Golinda Rd SW',NULL,NULL,NULL,19,NULL,NULL,NULL,'','\r'),(1871,'Angelica Pasillas ','10601 Golinda Rd SW',NULL,NULL,NULL,19,NULL,NULL,3,'y','\r'),(1872,'Joanne Pacheco ','2200 Garland Ct SW',NULL,NULL,NULL,19,NULL,NULL,NULL,'','\r'),(1873,'Cipriano Solano ','2204 Garland Ct SW',NULL,NULL,NULL,19,NULL,NULL,NULL,'','\r'),(1874,'Lucy Baca ','2208 Garland Ct SW',NULL,NULL,NULL,19,NULL,NULL,NULL,'','\r'),(1875,'Gian Chaves ','2212 Garland Ct SW',NULL,NULL,NULL,19,NULL,NULL,NULL,'','\r'),(1876,'Wayne Miller ','2219 Garland Ct SW',NULL,NULL,NULL,19,NULL,NULL,NULL,'','\r'),(1877,'Emily Odongo ','2209 Garland Ct SW',NULL,NULL,NULL,19,NULL,NULL,NULL,'','\r'),(1878,'Victor Padilla ','2205 Garland Ct SW',NULL,NULL,NULL,19,NULL,NULL,NULL,'','\r'),(1879,'Chuck Lounsbury ','2201 Garland Ct SW',NULL,NULL,NULL,19,NULL,NULL,NULL,'','\r'),(1880,'Charlie Tafoya ','2200 Odessa Ct SW',NULL,NULL,NULL,19,NULL,NULL,NULL,'','\r'),(1881,'Harlan Markus ','2204 Odessa Ct SW',NULL,NULL,NULL,19,NULL,NULL,NULL,'','\r'),(1882,'Edgar Carmona ','2219 Odessa Ct SW',NULL,NULL,NULL,19,NULL,NULL,NULL,'','\r'),(1883,'Rhonda Maldonado ','2209 Odessa Ct SW',NULL,NULL,NULL,19,NULL,NULL,NULL,'','\r'),(1884,'Shannon Lovato ','2201 Odessa Ct SW',NULL,NULL,NULL,19,NULL,NULL,NULL,'','\r'),(1885,'Diana Villarreal ','2204 Panola St SW',NULL,NULL,NULL,19,NULL,NULL,NULL,'','\r'),(1886,'Tammy Martin ','2208 Panola St SW',NULL,NULL,NULL,19,NULL,NULL,NULL,'','\r'),(1887,'Felimon Martinez III ','2212 Panola St SW',NULL,NULL,NULL,19,NULL,NULL,NULL,'','\r'),(1888,'Joshua Lopez ','2216 Panola St SW',NULL,NULL,NULL,19,NULL,NULL,NULL,'','\r'),(1889,'Joshua Tafoya ','2220 Panola St SW',NULL,NULL,NULL,19,NULL,NULL,NULL,'','\r'),(1890,'Jessica Aguilar ','2209 Panola St SW',NULL,NULL,NULL,19,NULL,NULL,NULL,'','\r'),(1891,'Andrew Dubriel ','2205 Panola St SW',NULL,NULL,NULL,19,NULL,NULL,NULL,'','\r'),(1892,'Michael Gomez ','2201 Panola St SW',NULL,NULL,NULL,19,NULL,NULL,NULL,'','\r'),(1893,'Jordan Lopez ','2200 Vinton St SW',NULL,NULL,NULL,19,NULL,NULL,NULL,'','\r'),(1894,'Current Resident','2204 Vinton St SW',NULL,NULL,NULL,19,NULL,NULL,NULL,'','\r'),(1895,'Vanessa Gutierrez ','2208 Vinton St SW',NULL,NULL,NULL,19,NULL,NULL,NULL,'','\r'),(1896,'Michael Duran ','2212 Vinton St SW',NULL,NULL,NULL,19,NULL,NULL,NULL,'','\r'),(1897,'Current Resident','10800 Bowie Rd SW',NULL,NULL,NULL,19,NULL,NULL,NULL,'','\r'),(1898,'Barney Baca ','10804 Bowie Rd SW',NULL,NULL,NULL,19,NULL,NULL,NULL,'','\r'),(1899,'Angel Candelaria ','10912 Bowie Rd SW',NULL,NULL,NULL,19,NULL,NULL,NULL,'','\r'),(2005,'Marlene Mellenthin ','7401 Via Tranquilo SW','505-839-9206 ','2018-06-07',7,20,1,NULL,NULL,'','\r'),(2006,'Norman Mason ','7427 Via Tranquilo SW','505-836-9671 ','2018-06-07',7,20,1,NULL,NULL,'','\r'),(2007,'Arminda Curiel ','7431 Via Tranquilo SW','562-480-3356 ','2018-06-07',7,20,1,NULL,NULL,'','\r'),(2008,'M Randall ','7439 Via Tranquilo SW','505-352-1463 ','2018-06-07',7,20,1,NULL,NULL,'','\r'),(2009,'Hilaria Carrera ','7523 Via Tranquilo SW','505-352-7115 ','2018-06-09',7,20,1,NULL,NULL,'','\r'),(2010,'Lori Gandara ','7609 Via Tranquilo SW','505-503-1792 ','2018-06-09',7,20,1,NULL,NULL,'','\r'),(2011,'Scott Pavolko ','7615 Via Tranquilo SW','505-312-8106 ','2018-06-09',7,20,1,NULL,NULL,'','\r'),(2012,'Alan Hudson ','7500 Via Tranquilo SW','505-255-5529 ','2018-06-09',7,20,1,NULL,NULL,'','\r'),(2013,'Adolphe Pierre-Louis ','504 Via Arbolado SW','505-831-4341 ','2018-06-09',7,20,1,NULL,NULL,'','\r'),(2014,'Adrienne Pierre-Louis ','508 Via Arbolado SW','505-836-7605 ','2018-06-09',7,20,1,NULL,NULL,'','\r'),(2015,'Patricia Flores ','524 Via Arbolado SW','505-836-4521 ','2018-06-09',7,20,1,NULL,NULL,'','\r'),(2016,'Thea Garcia ','7632 Via Belleza SW','505-898-1191 ','2018-06-09',7,20,1,NULL,NULL,'','\r'),(2017,'Jennifer Williams ','7523 Via Belleza SW','505-831-0759 ',NULL,NULL,20,NULL,NULL,3,'y','\r'),(2018,'Ellen Perrin ','7627 Via Belleza SW','407-696-4990 ','2018-06-09',7,20,1,NULL,NULL,'','\r'),(2019,'Michelle Campos ','7612 Via Belleza SW','505-583-2292 ','2018-06-09',7,20,1,NULL,NULL,'','\r'),(2020,'Tonia Hammond ','7604 Via Belleza SW','505-315-9799 ','2018-06-09',7,20,1,NULL,NULL,'','\r'),(2021,'Lucinda Montoya ','7528 Via Belleza SW','505-983-8726 ','2018-06-09',7,20,1,NULL,NULL,'','\r'),(2022,'Albert Chavez ','7524 Via Belleza SW','505-839-6832 ','2018-06-09',7,20,1,NULL,NULL,'','\r'),(2023,'Susie Chavez ','7500 Via Sereno SW','505-833-3371 ','2018-06-09',7,20,1,NULL,NULL,'','\r'),(2024,'James Price ','7516 Via Sereno SW ','719-849-1358 ','2018-06-09',7,20,1,NULL,NULL,'','\r'),(2025,'Patrick Donigan ','7520 Via Sereno SW ','505-890-0470 ',NULL,NULL,20,NULL,NULL,3,'y','\r'),(2026,'Jose Estrada ','7639 Via Sereno SW ','505-573-9043 ','2018-06-09',7,20,1,NULL,NULL,'','\r'),(2027,'Victoria Sanchez ','7631 Via Sereno SW ','505-831-2267',NULL,NULL,20,NULL,NULL,3,'y','\r'),(2028,'Orin Dooley ','7611 Via Sereno SW ','505-260-1788 ','2018-06-09',7,20,1,NULL,NULL,'','\r'),(2029,'MARTHA CAMPOS ','7601 Via Sereno SW ','505-856-1754 ','2018-06-09',7,20,1,NULL,NULL,'','\r'),(2030,'Marilu Casillas ','7419 Via Sereno SW ','505-839-0989 ','2018-06-09',7,20,1,NULL,NULL,'','\r'),(2031,'Juanita Duran ','7415 Via Sereno SW ','505-831-1664 ','2018-06-09',7,20,1,NULL,NULL,'','\r'),(2032,'Nicolle Bercier ','7409 Via Sereno SW ','505-934-3218 ','2018-06-09',7,20,1,NULL,NULL,'','\r'),(2033,'Albeth Mcnulty ','7405 Via Sereno SW ','901-488-2487 ','2018-06-09',7,20,1,NULL,NULL,'','\r'),(2034,'Angie Gurule ','7512 Via Serenita SW ','505-293-8481 ','2018-06-09',7,20,1,NULL,NULL,'','\r'),(2035,'Edward Avila Sr. ','7520 Via Serenita SW ','505-836-3684','2018-06-09',7,20,1,NULL,NULL,'','\r'),(2036,'Yvanna Lopez ','7524 Via Serenita SW ','505-836-7037 ','2018-06-09',7,20,1,NULL,NULL,'','\r'),(2037,'Amelia Candelaria ','7600 Via Serenita SW ','505-508-1401 ','2018-06-09',7,20,1,NULL,NULL,'','\r'),(2038,'Beatrice Martinez ','7608 Via Serenita SW ','505-833-3899 ','2018-06-09',7,20,1,NULL,NULL,'','\r'),(2039,'Alicia Westbrook ','7523 Via Serenita SW ','505-833-4473 ','2018-06-09',7,20,1,NULL,NULL,'','\r'),(2040,'Lonnie Martinez ','7509 Via Serenita SW ','505-897-3691 ','2018-06-09',7,20,1,NULL,NULL,'','\r'),(2041,'Marcos Espinoza ','7419 Via Serenita SW ','505-400-1455 ','2018-06-09',7,20,1,NULL,NULL,'','\r'),(2042,'Charlotte Howard ','7436 Via Cometa SW ','505-839-9869 ',NULL,NULL,20,NULL,NULL,NULL,'','\r'),(2043,'Elva Murillo ','7512 Via Cometa SW ','505-804-8385 ',NULL,NULL,20,NULL,NULL,NULL,'','\r'),(2044,'Luna Masonry & Fencing ','7516 Via Cometa SW ','505-490-1231 ',NULL,NULL,20,NULL,NULL,NULL,'','\r'),(2045,'Michelle Padilla ','7608 Via Cometa SW ','505-243-7303 ',NULL,NULL,20,NULL,NULL,NULL,'','\r'),(2046,'Gertrude Boswell ','7632 Via Cometa SW ','505-831-5401 ',NULL,NULL,20,NULL,NULL,NULL,'','\r'),(2047,'CORA BOYD ','7615 Via Cometa SW ','505-712-2945 ',NULL,NULL,20,NULL,NULL,NULL,'','\r'),(2048,'Jacqueline Salazar ','7505 Via Cometa SW ','505-319-2072 ',NULL,NULL,20,NULL,NULL,NULL,'','\r'),(2049,'Joy Serna ','7431 Via Cometa SW ','505-839-1692 ',NULL,NULL,20,NULL,NULL,NULL,'','\r'),(2050,'Christina Gonzalez ','7419 Via Cometa SW ','505-833-4326 ',NULL,NULL,20,NULL,NULL,NULL,'','\r'),(2051,'Elizabeth Gallegos ','7409 Via Cometa SW ','505-265-4385 ',NULL,NULL,20,NULL,NULL,NULL,'','\r'),(2052,'Joy Sy ','7405 Via Cometa SW ','570-588-6963 ',NULL,NULL,20,NULL,NULL,3,'y','\r'),(2053,'Mitchell Walcott','500 Via Canale SW ','614-861-3338 ',NULL,NULL,20,NULL,NULL,NULL,'','\r'),(2054,'Lisa Pennington ','504 Via Canale SW ','505-503-7158 ',NULL,NULL,20,NULL,NULL,NULL,'','\r'),(2055,'Manuel Molina ','620 Via Canale SW ','505-352-8958 ',NULL,NULL,20,NULL,NULL,NULL,'','\r'),(2056,'Margie Milburn ','636 Via Canale SW ','505-934-5148 ',NULL,NULL,20,NULL,NULL,NULL,'','\r'),(2057,'Francisca Carrera ','515 Via Patria SW ','505-839-8174 ',NULL,NULL,20,NULL,NULL,NULL,'','\r'),(2058,'Mariana Romero ','519 Via Patria SW ','505-573-6350 ',NULL,NULL,20,NULL,NULL,NULL,'','\r'),(2059,'Anna Morgan ','555 Via Patria SW ','505-833-7568 ',NULL,NULL,20,NULL,NULL,NULL,'','\r'),(2060,'Sara Preciado ','563 Via Patria SW ','505-610-0763 ',NULL,NULL,20,NULL,NULL,NULL,'','\r'),(2061,'Sharon Torrez ','581 Via Patria SW ','505-352-7182 ',NULL,NULL,20,NULL,NULL,NULL,'','\r'),(2062,'Andres Medina Iii ','585 Via Patria SW ','505-270-9736 ',NULL,NULL,20,NULL,NULL,NULL,'','\r'),(2063,'Lawrence Jones Jr. ','7405 Via Tranquilo SW',NULL,NULL,NULL,20,NULL,NULL,NULL,'','\r'),(2064,'Debra Hausermann ','7409 Via Tranquilo SW',NULL,NULL,NULL,20,NULL,NULL,3,'y','\r'),(2065,'Kevin C Ohm ','7415 Via Tranquilo SW',NULL,NULL,NULL,20,NULL,NULL,NULL,'','\r'),(2066,'Helen Huling ','7419 Via Tranquilo SW',NULL,NULL,NULL,20,NULL,NULL,NULL,'','\r'),(2067,'Samantha Montoya ','7423 Via Tranquilo SW',NULL,NULL,NULL,20,NULL,NULL,NULL,'','\r'),(2068,'Ashley Gallegos ','7435 Via Tranquilo SW',NULL,NULL,NULL,20,NULL,NULL,NULL,'','\r'),(2069,'Elizabeth Arrey ','7501 Via Tranquilo SW',NULL,NULL,NULL,20,NULL,NULL,NULL,'','\r'),(2070,'Ronald Williams ','7505 Via Tranquilo SW',NULL,NULL,NULL,20,NULL,NULL,3,'y','\r'),(2071,'Brandie Martinez ','7509 Via Tranquilo SW',NULL,NULL,NULL,20,NULL,NULL,NULL,'','\r'),(2072,'Selma Barela ','7515 Via Tranquilo SW',NULL,NULL,NULL,20,NULL,NULL,NULL,'','\r'),(2073,'Frank Ross Jr. ','7519 Via Tranquilo SW',NULL,NULL,NULL,20,NULL,NULL,NULL,'','\r'),(2074,'Shun Chao ','7527 Via Tranquilo SW',NULL,NULL,NULL,20,NULL,NULL,NULL,'','\r'),(2075,'Anna Kalo ','7531 Via Tranquilo SW',NULL,NULL,NULL,20,NULL,NULL,NULL,'','\r'),(2076,'Maria Aragon ','7535 Via Tranquilo SW',NULL,NULL,NULL,20,NULL,NULL,NULL,'','\r'),(2077,'George & Theresa Romero ','7601 Via Tranquilo SW',NULL,NULL,NULL,20,NULL,NULL,NULL,'','\r'),(2078,'Isaiah Cruz ','7605 Via Tranquilo SW',NULL,NULL,NULL,20,NULL,NULL,NULL,'','\r'),(2079,'Wendy Valles ','7619 Via Tranquilo SW',NULL,NULL,NULL,20,NULL,NULL,NULL,'','\r'),(2080,'Samuel I Stanley ','7623 Via Tranquilo SW',NULL,NULL,NULL,20,NULL,NULL,NULL,'','\r'),(2081,'Raymond Romero ','7627 Via Tranquilo SW',NULL,NULL,NULL,20,NULL,NULL,NULL,'','\r'),(2082,'Vinton Begay ','7631 Via Tranquilo SW',NULL,NULL,NULL,20,NULL,NULL,NULL,'','\r'),(2083,'Feliz Baca ','7628 Via Tranquilo SW',NULL,NULL,NULL,20,NULL,NULL,NULL,'','\r'),(2084,'Joshua Villasenor ','7624 Via Tranquilo SW',NULL,NULL,NULL,20,NULL,NULL,NULL,'','\r'),(2085,'Brenda Moncada ','7620 Via Tranquilo SW',NULL,NULL,NULL,20,NULL,NULL,NULL,'','\r'),(2086,'Darlene Gallegos ','7616 Via Tranquilo SW',NULL,NULL,NULL,20,NULL,NULL,NULL,'','\r'),(2087,'Barbara Torelle ','7612 Via Tranquilo SW',NULL,NULL,NULL,20,NULL,NULL,NULL,'','\r'),(2088,'Carlos Gonzales ','7608 Via Tranquilo SW',NULL,NULL,NULL,20,NULL,NULL,3,'y','\r'),(2089,'Bobby Narvaiz ','7604 Via Tranquilo SW',NULL,NULL,NULL,20,NULL,NULL,NULL,'','\r'),(2090,'Tami Armijo ','7504 Via Tranquilo SW',NULL,NULL,NULL,20,NULL,NULL,NULL,'','\r'),(2091,'Tanya Martin ','7432 Via Tranquilo SW',NULL,NULL,NULL,20,NULL,NULL,NULL,'','\r'),(2092,'Cameron Torres ','7428 Via Tranquilo SW',NULL,NULL,NULL,20,NULL,NULL,NULL,'','\r'),(2093,'Alicia Sandoval ','7424 Via Tranquilo SW',NULL,NULL,NULL,20,NULL,NULL,NULL,'','\r'),(2094,'Amber Pitts ','7420 Via Tranquilo SW',NULL,NULL,NULL,20,NULL,NULL,NULL,'','\r'),(2095,'Anthony Barela ','7416 Via Tranquilo SW',NULL,NULL,NULL,20,NULL,NULL,NULL,'','\r'),(2096,'Felicia Naranjo ','7412 Via Tranquilo SW',NULL,NULL,NULL,20,NULL,NULL,NULL,'','\r'),(2097,'Melanie Tapia ','515 Via Paz SW',NULL,NULL,NULL,20,NULL,NULL,NULL,'','\r'),(2098,'Joseph Apodaca ','519 Via Paz SW',NULL,NULL,NULL,20,NULL,NULL,NULL,'','\r'),(2099,'Mechelle Trujillo ','520 Via Paz SW',NULL,NULL,NULL,20,NULL,NULL,NULL,'','\r'),(2100,'Maryann Gonzalez ','500 Via Arbolado SW',NULL,NULL,NULL,20,NULL,NULL,NULL,'','\r'),(2101,'Jonathan Schaumberg ','512 Via Arbolado SW',NULL,NULL,NULL,20,NULL,NULL,NULL,'','\r'),(2102,'Manuel Quintana ','516 Via Arbolado SW',NULL,NULL,NULL,20,NULL,NULL,NULL,'','\r'),(2103,'Amelia Kaisem ','520 Via Arbolado SW',NULL,NULL,NULL,20,NULL,NULL,NULL,'','\r'),(2104,'Elizabeth Lancaster ','7515 Via Belleza SW',NULL,NULL,NULL,20,NULL,NULL,3,'y','\r'),(2105,'Georgia Steele ','7527 Via Belleza SW',NULL,NULL,NULL,20,NULL,NULL,NULL,'','\r'),(2106,'Emeline Dewey ','7601 Via Belleza SW',NULL,NULL,NULL,20,NULL,NULL,3,'y','\r'),(2107,'Mario Vigil ','7605 Via Belleza SW',NULL,NULL,NULL,20,NULL,NULL,NULL,'','\r'),(2108,'Jenell Pagan ','7609 Via Belleza SW',NULL,NULL,NULL,20,NULL,NULL,NULL,'','\r'),(2109,'Debra Leon ','7615 Via Belleza SW',NULL,NULL,NULL,20,NULL,NULL,NULL,'','\r'),(2110,'Lucille Blanton ','7619 Via Belleza SW',NULL,NULL,NULL,20,NULL,NULL,NULL,'','\r'),(2111,'Gabriel Garduno ','7623 Via Belleza SW',NULL,NULL,NULL,20,NULL,NULL,NULL,'','\r'),(2112,'Floyd Parras ','7631 Via Belleza SW',NULL,NULL,NULL,20,NULL,NULL,NULL,'','\r'),(2113,'Joseph Aragon ','7635 Via Belleza SW',NULL,NULL,NULL,20,NULL,NULL,NULL,'','\r'),(2114,'Kenneth Chavez ','7632 Via Belleza SW',NULL,NULL,NULL,20,NULL,NULL,NULL,'','\r'),(2115,'Nathaniel Marsh ','7628 Via Belleza SW',NULL,NULL,NULL,20,NULL,NULL,NULL,'','\r'),(2116,'Maria Varela ','7624 Via Belleza SW',NULL,NULL,NULL,20,NULL,NULL,NULL,'','\r'),(2117,'Christina Anaya-Winslow ','7620 Via Belleza SW',NULL,NULL,NULL,20,NULL,NULL,NULL,'','\r'),(2118,'Isaac Hidalgo ','7616 Via Belleza SW',NULL,NULL,NULL,20,NULL,NULL,NULL,'','\r'),(2119,'Ruby D Lucero ','7608 Via Belleza SW',NULL,NULL,NULL,20,NULL,NULL,NULL,'','\r'),(2120,'Yvonne Kavanaugh ','7600 Via Belleza SW',NULL,NULL,NULL,20,NULL,NULL,NULL,'','\r'),(2121,'Judith Wazenkewitz ','7520 Via Belleza SW',NULL,NULL,NULL,20,NULL,NULL,NULL,'','\r'),(2122,'John Mares ','7516 Via Belleza SW',NULL,NULL,NULL,20,NULL,NULL,NULL,'','\r'),(2123,'Gabe Cordova ','7400 Via Sereno SW ',NULL,NULL,NULL,20,NULL,NULL,NULL,'','\r'),(2124,'Teresa Jose ','7404 Via Sereno SW ',NULL,NULL,NULL,20,NULL,NULL,NULL,'','\r'),(2125,'Arlene Garcia ','7408 Via Sereno SW ',NULL,NULL,NULL,20,NULL,NULL,NULL,'','\r'),(2126,'Amir Wodajo ','7412 Via Sereno SW ',NULL,NULL,NULL,20,NULL,NULL,NULL,'','\r'),(2127,'Annabella Flores ','7416 Via Sereno SW ',NULL,NULL,NULL,20,NULL,NULL,NULL,'','\r'),(2128,'Jennifer Lucero ','7420 Via Sereno SW ',NULL,NULL,NULL,20,NULL,NULL,NULL,'','\r'),(2129,'Nathan Chavez','7424 Via Sereno SW ',NULL,NULL,NULL,20,NULL,NULL,NULL,'','\r'),(2130,'Concha Encinias ','7428 Via Sereno SW ',NULL,NULL,NULL,20,NULL,NULL,NULL,'','\r'),(2131,'Horacio Serrano ','7432 Via Sereno SW ',NULL,NULL,NULL,20,NULL,NULL,NULL,'','\r'),(2132,'Elizabeth Salazar ','7436 Via Sereno SW ',NULL,NULL,NULL,20,NULL,NULL,NULL,'','\r'),(2133,'David Lopez ','7440 Via Sereno SW ',NULL,NULL,NULL,20,NULL,NULL,NULL,'','\r'),(2134,'Kenneth Sandoval ','7504 Via Sereno SW ',NULL,NULL,NULL,20,NULL,NULL,NULL,'','\r'),(2135,'Ivan Ibarra ','7508 Via Sereno SW ',NULL,NULL,NULL,20,NULL,NULL,NULL,'','\r'),(2136,'Eber Ruiz-Lopez ','7524 Via Sereno SW ',NULL,NULL,NULL,20,NULL,NULL,NULL,'','\r'),(2137,'Gabriel Candelaria ','7600 Via Sereno SW ',NULL,NULL,NULL,20,NULL,NULL,NULL,'','\r'),(2138,'Patrick Barisione ','7604 Via Sereno SW ',NULL,NULL,NULL,20,NULL,NULL,NULL,'','\r'),(2139,'David Ortiz ','7608 Via Sereno SW ',NULL,NULL,NULL,20,NULL,NULL,NULL,'','\r'),(2140,'Ruben Chavez ','7612 Via Sereno SW ',NULL,NULL,NULL,20,NULL,NULL,NULL,'','\r'),(2141,'Larry Brusuelas ','7616 Via Sereno SW ',NULL,NULL,NULL,20,NULL,NULL,NULL,'','\r'),(2142,'Sydney Brito ','7620 Via Sereno SW ',NULL,NULL,NULL,20,NULL,NULL,NULL,'','\r'),(2143,'Ricardo Martinez ','7624 Via Sereno SW ',NULL,NULL,NULL,20,NULL,NULL,NULL,'','\r'),(2144,'Hoobler Hoobler ','7628 Via Sereno SW ',NULL,NULL,NULL,20,NULL,NULL,NULL,'','\r'),(2145,'Rogaciano Perezibarra ','7632 Via Sereno SW ',NULL,NULL,NULL,20,NULL,NULL,NULL,'','\r'),(2146,'Fernando Chavez ','7636 Via Sereno SW ',NULL,NULL,NULL,20,NULL,NULL,NULL,'','\r'),(2147,'Ann Pennington ','7640 Via Sereno SW ',NULL,NULL,NULL,20,NULL,NULL,NULL,'','\r'),(2148,'Lee Espinosa Jr. ','7635 Via Sereno SW ',NULL,NULL,NULL,20,NULL,NULL,NULL,'','\r'),(2149,'Euguene Walters ','7627 Via Sereno SW ',NULL,NULL,NULL,20,NULL,NULL,NULL,'','\r'),(2150,'Nadine Mcdaniel ','7623 Via Sereno SW ',NULL,NULL,NULL,20,NULL,NULL,NULL,'','\r'),(2151,'Anahi Chavez ','7619 Via Sereno SW ',NULL,NULL,NULL,20,NULL,NULL,NULL,'','\r'),(2152,'Eva Johnson ','7615 Via Sereno SW ',NULL,NULL,NULL,20,NULL,NULL,NULL,'','\r'),(2153,'Tyler Gullion ','7609 Via Sereno SW ',NULL,NULL,NULL,20,NULL,NULL,NULL,'','\r'),(2154,'Alex Gonzales ','7605 Via Sereno SW ',NULL,NULL,NULL,20,NULL,NULL,NULL,'','\r'),(2155,'James Schauer ','7523 Via Sereno SW ',NULL,NULL,NULL,20,NULL,NULL,NULL,'','\r'),(2156,'Marin Noriega ','7519 Via Sereno SW ',NULL,NULL,NULL,20,NULL,NULL,NULL,'','\r'),(2157,'Yohana Valenzuela ','7515 Via Sereno SW ',NULL,NULL,NULL,20,NULL,NULL,NULL,'','\r'),(2158,'Felicia Medrano ','7447 Via Sereno SW ',NULL,NULL,NULL,20,NULL,NULL,NULL,'','\r'),(2159,'Adam Sena','7443 Via Sereno SW ',NULL,NULL,NULL,20,NULL,NULL,NULL,'','\r'),(2160,'Matthew Lopez ','7439 Via Sereno SW ',NULL,NULL,NULL,20,NULL,NULL,NULL,'','\r'),(2161,'Evelyn Gonzalez ','7435 Via Sereno SW ',NULL,NULL,NULL,20,NULL,NULL,NULL,'','\r'),(2162,'Liliane Mccarthy ','7431 Via Sereno SW ',NULL,NULL,NULL,20,NULL,NULL,NULL,'','\r'),(2163,'Clifton Griffith ','7427 Via Sereno SW ',NULL,NULL,NULL,20,NULL,NULL,NULL,'','\r'),(2164,'Francine Fresquez ','7423 Via Sereno SW ',NULL,NULL,NULL,20,NULL,NULL,NULL,'','\r'),(2165,'Vicente Itzel ','7401 Via Sereno SW ',NULL,NULL,NULL,20,NULL,NULL,NULL,'','\r'),(2166,'Daniel Perez ','7400 Via Serenita SW ',NULL,NULL,NULL,20,NULL,NULL,NULL,'','\r'),(2167,'Jeanette Saiz ','7404 Via Serenita SW ',NULL,NULL,NULL,20,NULL,NULL,NULL,'','\r'),(2168,'Edward Castro ','7408 Via Serenita SW ',NULL,NULL,NULL,20,NULL,NULL,NULL,'','\r'),(2169,'Margarita Caldwell ','7412 Via Serenita SW ',NULL,NULL,NULL,20,NULL,NULL,NULL,'','\r'),(2170,'Robert Montano ','7416 Via Serenita SW ',NULL,NULL,NULL,20,NULL,NULL,NULL,'','\r'),(2171,'SIMONA & DONALD NARANJO ','7420 Via Serenita SW ',NULL,NULL,NULL,20,NULL,NULL,NULL,'','\r'),(2172,'CAROL MCGLAUCHLIN ','7428 Via Serenita SW ',NULL,NULL,NULL,20,NULL,NULL,NULL,'','\r'),(2173,'Ashley Garner ','7432 Via Serenita SW',NULL,NULL,NULL,20,NULL,NULL,NULL,'','\r'),(2174,'Steven Salazar ','7436 Via Serenita SW ',NULL,NULL,NULL,20,NULL,NULL,3,'y','\r'),(2175,'Carey Welsch ','7500 Via Serenita SW ',NULL,NULL,NULL,20,NULL,NULL,NULL,'','\r'),(2176,'Mario Bran ','7504 Via Serenita SW ',NULL,NULL,NULL,20,NULL,NULL,NULL,'','\r'),(2177,'Frank Ramirez ','7508 Via Serenita SW ',NULL,NULL,NULL,20,NULL,NULL,NULL,'','\r'),(2178,'Thai Mai ','7516 Via Serenita SW ',NULL,NULL,NULL,20,NULL,NULL,NULL,'','\r'),(2179,'Jescelenn Aragon ','7604 Via Serenita SW ',NULL,NULL,NULL,20,NULL,NULL,NULL,'','\r'),(2180,'Curtis Adams ','7612 Via Serenita SW ',NULL,NULL,NULL,20,NULL,NULL,NULL,'','\r'),(2181,'Nereida Diaz ','7616 Via Serenita SW ',NULL,NULL,NULL,20,NULL,NULL,NULL,'','\r'),(2182,'John Mattingly ','7620 Via Serenita SW ',NULL,NULL,NULL,20,NULL,NULL,NULL,'','\r'),(2183,'Tony Altamirano ','7624 Via Serenita SW ',NULL,NULL,NULL,20,NULL,NULL,NULL,'','\r'),(2184,'Annette Moya ','7628 Via Serenita SW ',NULL,NULL,NULL,20,NULL,NULL,NULL,'','\r'),(2185,'Natalia Soto ','7632 Via Serenita SW  ',NULL,NULL,NULL,20,NULL,NULL,NULL,'','\r'),(2186,'Sergio Arredondo ','7636 Via Serenita SW ',NULL,NULL,NULL,20,NULL,NULL,NULL,'','\r'),(2187,'Oscar Mann','7635 Via Serenita SW ',NULL,NULL,NULL,20,NULL,NULL,3,'y','\r'),(2188,'Valerie Chavez ','7631 Via Serenita SW ',NULL,NULL,NULL,20,NULL,NULL,NULL,'','\r'),(2189,'Robert Salazar ','7627 Via Serenita SW  ',NULL,NULL,NULL,20,NULL,NULL,NULL,'','\r'),(2190,'Eloy Herrera ','7623 Via Serenita SW ',NULL,NULL,NULL,20,NULL,NULL,3,'y','\r'),(2191,'Paul Gonzales ','7619 Via Serenita SW ',NULL,NULL,NULL,20,NULL,NULL,NULL,'','\r'),(2192,'Alicia Gonzales ','7617 Via Serenita SW  ',NULL,NULL,NULL,20,NULL,NULL,NULL,'','\r'),(2193,'Raymond Goodwin ','7615 Via Serenita SW ',NULL,NULL,NULL,20,NULL,NULL,NULL,'','\r'),(2194,'Edward Martinez ','7611 Via Serenita SW ',NULL,NULL,NULL,20,NULL,NULL,NULL,'','\r'),(2195,'Robert Nevarez Jr. ','7609 Via Serenita SW ',NULL,NULL,NULL,20,NULL,NULL,NULL,'','\r'),(2196,'Jacob Samora ','7605 Via Serenita SW ',NULL,NULL,NULL,20,NULL,NULL,3,'y','\r'),(2197,'Manuela Venegas-Arias','7601 Via Serenita SW  ',NULL,NULL,NULL,20,NULL,NULL,NULL,'','\r'),(2198,'Cher Otto ','7519 Via Serenita SW ',NULL,NULL,NULL,20,NULL,NULL,NULL,'','\r'),(2199,'Kim Gonzales ','7515 Via Serenita SW ',NULL,NULL,NULL,20,NULL,NULL,NULL,'','\r'),(2200,'Laura Scaccia ','7505 Via Serenita SW ',NULL,NULL,NULL,20,NULL,NULL,NULL,'','\r'),(2201,'Fabian Montano Jr. ','7501 Via Serenita SW ',NULL,NULL,NULL,20,NULL,NULL,NULL,'','\r'),(2202,'Barbara Young ','7439 Via Serenita SW ',NULL,NULL,NULL,20,NULL,NULL,NULL,'','\r'),(2203,'Ramon Najera ','7435 Via Serenita SW  ',NULL,NULL,NULL,20,NULL,NULL,NULL,'','\r'),(2204,'Cesar Hernandez ','7431 Via Serenita SW ',NULL,NULL,NULL,20,NULL,NULL,NULL,'','\r'),(2205,'Myrtle Morgan ','7427 Via Serenita SW ',NULL,NULL,NULL,20,NULL,NULL,NULL,'','\r'),(2206,'Daniel Perea ','7423 Via Serenita SW ',NULL,NULL,NULL,20,NULL,NULL,NULL,'','\r'),(2207,'Marcos Espinoza ','7415 Via Serenita SW ',NULL,NULL,NULL,20,NULL,NULL,NULL,'','\r'),(2208,'Todd Werner ','7409 Via Serenita SW ',NULL,NULL,NULL,20,NULL,NULL,NULL,'','\r'),(2209,'Antoinette Sanchez ','7405 Via Serenita SW ',NULL,NULL,NULL,20,NULL,NULL,NULL,'','\r'),(2210,'Dale Alverson ','7401 Via Serenita SW ',NULL,NULL,NULL,20,NULL,NULL,NULL,'','\r'),(2211,'Joe Garcia ','7400 Via Cometa SW ',NULL,NULL,NULL,20,NULL,NULL,NULL,'','\r'),(2212,'Catherine Luna ','7404 Via Cometa SW ',NULL,NULL,NULL,20,NULL,NULL,3,'y','\r'),(2213,'Larry Mascarenas ','7408 Via Cometa SW ',NULL,NULL,NULL,20,NULL,NULL,NULL,'','\r'),(2214,'Emily Torres ','7412 Via Cometa SW ',NULL,NULL,NULL,20,NULL,NULL,NULL,'','\r'),(2215,'Diane Falcon Hall ','7416 Via Cometa SW ',NULL,NULL,NULL,20,NULL,NULL,NULL,'','\r'),(2216,'Mario Gonzales ','7420 Via Cometa SW ',NULL,NULL,NULL,20,NULL,NULL,NULL,'','\r'),(2217,'Christine Gonzalez ','7424 Via Cometa SW  ',NULL,NULL,NULL,20,NULL,NULL,NULL,'','\r'),(2218,'Brian Sadler ','7428 Via Cometa SW ',NULL,NULL,NULL,20,NULL,NULL,NULL,'','\r'),(2219,'Mariah Lucero-Barner ','7432 Via Cometa SW ',NULL,NULL,NULL,20,NULL,NULL,NULL,'','\r'),(2220,'Daniel Garcia ','7500 Via Cometa SW ',NULL,NULL,NULL,20,NULL,NULL,NULL,'','\r'),(2221,'Thomas Hill ','7504 Via Cometa SW ',NULL,NULL,NULL,20,NULL,NULL,NULL,'','\r'),(2222,'Carlos Cordova Sr. ','7508 Via Cometa SW ',NULL,NULL,NULL,20,NULL,NULL,NULL,'','\r'),(2223,'Gabriela Ortega ','7520 Via Cometa SW ',NULL,NULL,NULL,20,NULL,NULL,NULL,'','\r'),(2224,'Lorena Coca ','7524 Via Cometa SW ',NULL,NULL,NULL,20,NULL,NULL,NULL,'','\r'),(2225,'Chong Fan ','7612 Via Cometa SW ',NULL,NULL,NULL,20,NULL,NULL,NULL,'','\r'),(2226,'Yvonne Garcia ','7616 Via Cometa SW  ',NULL,NULL,NULL,20,NULL,NULL,NULL,'','\r'),(2227,'Glenda Loya ','7620 Via Cometa SW ',NULL,NULL,NULL,20,NULL,NULL,NULL,'','\r'),(2228,'Florence Cordova ','7624 Via Cometa SW ',NULL,NULL,NULL,20,NULL,NULL,NULL,'','\r'),(2229,'Edna Labrada ','7628 Via Cometa SW ',NULL,NULL,NULL,20,NULL,NULL,NULL,'','\r'),(2230,'Tommie Chavez ','7636 Via Cometa SW ',NULL,NULL,NULL,20,NULL,NULL,NULL,'','\r'),(2231,'Marilyn Hodges ','7640 Via Cometa SW ',NULL,NULL,NULL,20,NULL,NULL,NULL,'','\r'),(2232,'Robert Montoya ','7644 Via Cometa SW ',NULL,NULL,NULL,20,NULL,NULL,NULL,'','\r'),(2233,'Blanca Carillo ','7643 Via Cometa SW ',NULL,NULL,NULL,20,NULL,NULL,NULL,'','\r'),(2234,'Joseph Gonzales ','7639 Via Cometa SW ',NULL,NULL,NULL,20,NULL,NULL,NULL,'','\r'),(2235,'Vennesa Mora ','7635 Via Cometa SW ',NULL,NULL,NULL,20,NULL,NULL,NULL,'','\r'),(2236,'Charles Garcia ','7631 Via Cometa SW ',NULL,NULL,NULL,20,NULL,NULL,NULL,'','\r'),(2237,'Paul Armijo Jr. ','7627 Via Cometa SW ',NULL,NULL,NULL,20,NULL,NULL,NULL,'','\r'),(2238,'Joe Chong ','7623 Via Cometa SW ',NULL,NULL,NULL,20,NULL,NULL,NULL,'','\r'),(2239,'Christopher Lovato ','7619 Via Cometa SW ',NULL,NULL,NULL,20,NULL,NULL,NULL,'','\r'),(2240,'Staci Montoya ','7609 Via Cometa SW ',NULL,NULL,NULL,20,NULL,NULL,NULL,'','\r'),(2241,'Delores King ','7605 Via Cometa SW ',NULL,NULL,NULL,20,NULL,NULL,3,'y','\r'),(2242,'Betty Pacheco ','7601 Via Cometa SW ',NULL,NULL,NULL,20,NULL,NULL,NULL,'','\r'),(2243,'Genevieve Casias ','7523 Via Cometa SW ',NULL,NULL,NULL,20,NULL,NULL,3,'y','\r'),(2244,'Eric Ndaheba ','7519 Via Cometa SW ',NULL,NULL,NULL,20,NULL,NULL,NULL,'','\r'),(2245,'Jaime Gomez ','7515 Via Cometa SW ',NULL,NULL,NULL,20,NULL,NULL,NULL,'','\r'),(2246,'Amanda Alvarado ','7509 Via Cometa SW ',NULL,NULL,NULL,20,NULL,NULL,NULL,'','\r'),(2247,'Louis Chavez ','7501 Via Cometa SW ',NULL,NULL,NULL,20,NULL,NULL,NULL,'','\r'),(2248,'Annabelle Vigil ','7439 Via Cometa SW ',NULL,NULL,NULL,20,NULL,NULL,NULL,'','\r'),(2249,'Frank Padilla ','7435 Via Cometa SW ',NULL,NULL,NULL,20,NULL,NULL,NULL,'','\r'),(2250,'James Burrola ','7427 Via Cometa SW ',NULL,NULL,NULL,20,NULL,NULL,NULL,'','\r'),(2251,'Martin Luevano','7423 Via Cometa SW ',NULL,NULL,NULL,20,NULL,NULL,NULL,'','\r'),(2252,'Dominic Martin ','7415 Via Cometa SW ',NULL,NULL,NULL,20,NULL,NULL,NULL,'','\r'),(2253,'Gladys Apodaca ','7401 Via Cometa SW ',NULL,NULL,NULL,20,NULL,NULL,NULL,'','\r'),(2254,'Evan Chavira ','508 Via Canale SW ',NULL,NULL,NULL,20,NULL,NULL,NULL,'','\r'),(2255,'Jozette Ortiz ','509 Via Canale SW ',NULL,NULL,NULL,20,NULL,NULL,NULL,'','\r'),(2256,'Victoria Sowles ','512 Via Canale SW ',NULL,NULL,NULL,20,NULL,NULL,NULL,'','\r'),(2257,'John Quinn ','516 Via Canale SW ',NULL,NULL,NULL,20,NULL,NULL,NULL,'','\r'),(2258,'Chandra Simmons ','520 Via Canale SW ',NULL,NULL,NULL,20,NULL,NULL,NULL,'','\r'),(2259,'Louie Lovato ','600 Via Canale SW ',NULL,NULL,NULL,20,NULL,NULL,NULL,'','\r'),(2260,'Felicia Del Frate ','604 Via Canale SW ',NULL,NULL,NULL,20,NULL,NULL,NULL,'','\r'),(2261,'George Romero ','608 Via Canale SW ',NULL,NULL,NULL,20,NULL,NULL,3,'y','\r'),(2262,'Frank Davila ','612 Via Canale SW ',NULL,NULL,NULL,20,NULL,NULL,3,'y','\r'),(2263,'Philip Nickel ','616 Via Canale SW ',NULL,NULL,NULL,20,NULL,NULL,NULL,'','\r'),(2264,'Rebecca Smith ','624 Via Canale SW ',NULL,NULL,NULL,20,NULL,NULL,NULL,'','\r'),(2265,'Stephanie Mcgill ','628 Via Canale SW ',NULL,NULL,NULL,20,NULL,NULL,NULL,'','\r'),(2266,'Cassandra Adams ','632 Via Canale SW ',NULL,NULL,NULL,20,NULL,NULL,NULL,'','\r'),(2267,'Daniel Rooks ','640 Via Canale SW ',NULL,NULL,NULL,20,NULL,NULL,NULL,'','\r'),(2268,'Israel Beltran ','644 Via Canale SW ',NULL,NULL,NULL,20,NULL,NULL,NULL,'','\r'),(2269,'A Luna ','648 Via Canale SW ',NULL,NULL,NULL,20,NULL,NULL,NULL,'','\r'),(2270,'Eloida Rimbert ','501 Via Patria SW ',NULL,NULL,NULL,20,NULL,NULL,NULL,'','\r'),(2271,'Carolynn Cooper ','505 Via Patria SW ',NULL,NULL,NULL,20,NULL,NULL,NULL,'','\r'),(2272,'Romero Martinez ','509 Via Patria SW ',NULL,NULL,NULL,20,NULL,NULL,NULL,'','\r'),(2273,'Vasquez Olivas ','523 Via Patria SW ',NULL,NULL,NULL,20,NULL,NULL,NULL,'','\r'),(2274,'Christopher Carrasco ','527 Via Patria SW ',NULL,NULL,NULL,20,NULL,NULL,NULL,'','\r'),(2275,'Stanley Anderson ','531 Via Patria SW ',NULL,NULL,NULL,20,NULL,NULL,NULL,'','\r'),(2276,'Darrell Howarth ','535 Via Patria SW ',NULL,NULL,NULL,20,NULL,NULL,NULL,'','\r'),(2277,'Lorraine Sena ','539 Via Patria SW ',NULL,NULL,NULL,20,NULL,NULL,NULL,'','\r'),(2278,'Robert Gallegos ','543 Via Patria SW ',NULL,NULL,NULL,20,NULL,NULL,NULL,'','\r'),(2279,'Patsy Lemon ','547 Via Patria SW ',NULL,NULL,NULL,20,NULL,NULL,NULL,'','\r'),(2280,'Robert Gomez ','551 Via Patria SW ',NULL,NULL,NULL,20,NULL,NULL,NULL,'','\r'),(2281,'Yolanda Gonzales ','553 Via Patria SW ',NULL,NULL,NULL,20,NULL,NULL,NULL,'','\r'),(2282,'BYRD LORRAINE T','557 Via Patria SW ',NULL,NULL,NULL,20,NULL,NULL,NULL,'',''),(2283,'Yadira Rivera ','559 Via Patria SW ',NULL,NULL,NULL,20,NULL,NULL,NULL,'','\r'),(2284,'Donny Gutierrez ','561 Via Patria SW ',NULL,NULL,NULL,20,NULL,NULL,NULL,'','\r'),(2285,'Eleanor Ramirez ','565 Via Patria SW ',NULL,NULL,NULL,20,NULL,NULL,NULL,'','\r'),(2286,'Angela Hinton ','567 Via Patria SW ',NULL,NULL,NULL,20,NULL,NULL,NULL,'','\r'),(2287,'Paula Taylor ','569 Via Patria SW ',NULL,NULL,NULL,20,NULL,NULL,NULL,'','\r'),(2288,'Cody Chamberlain ','571 Via Patria SW ',NULL,NULL,NULL,20,NULL,NULL,NULL,'','\r'),(2289,'Alyssa Sanchez ','573 Via Patria SW ',NULL,NULL,NULL,20,NULL,NULL,NULL,'','\r'),(2290,'Rosalie Garcia ','575 Via Patria SW ',NULL,NULL,NULL,20,NULL,NULL,NULL,'','\r'),(2291,'Ralph Waddles Iii ','577 Via Patria SW ',NULL,NULL,NULL,20,NULL,NULL,NULL,'','\r'),(2292,'current resident','579 Via Patria SW ',NULL,NULL,NULL,20,NULL,NULL,NULL,'','\r'),(2293,'Sandra Archuleta ','583 Via Patria SW ',NULL,NULL,NULL,20,NULL,NULL,NULL,'','\r'),(2516,'Adela Orozco ','401 Mayfair Pl SW ',NULL,'2018-06-21',NULL,21,NULL,13,NULL,'','\r'),(2517,'Maira Royball ','405 Mayfair Pl SW ','505-352-2403 ','2018-08-02',1,21,3,23,NULL,'','\r'),(2518,'Amber Ortiz ','409 Mayfair Pl SW','505-363-1302 ','2018-06-28',4,21,1,NULL,NULL,'','\r'),(2519,'Brian Amaya ','415 Mayfair Pl SW ',NULL,'2018-06-21',NULL,21,NULL,13,NULL,'','\r'),(2520,'Randy Padilla ','419 Mayfair Pl SW ',NULL,NULL,NULL,21,NULL,NULL,3,'y','\r'),(2521,'Walter Surdej ','501 Mayfair Pl SW ',NULL,'2018-06-21',NULL,21,NULL,13,NULL,'','\r'),(2522,'Felicitas Neder ','505 Mayfair Pl SW ',NULL,'2018-06-21',NULL,21,NULL,13,NULL,'','\r'),(2523,'Coralie McGuire ','509 Mayfair Pl SW ',NULL,'2018-06-21',NULL,21,NULL,13,NULL,'','\r'),(2524,'Amber Jersey ','515 Mayfair Pl SW ',NULL,'2018-06-21',NULL,21,NULL,13,NULL,'','\r'),(2525,'Lawrence Apodaca ','519 Mayfair Pl SW ',NULL,'2018-06-21',NULL,21,NULL,13,NULL,'','\r'),(2526,'Vivian Cortez ','523 Mayfair Pl SW ',NULL,'2018-06-21',NULL,21,NULL,13,NULL,'','\r'),(2527,'Maria Garcia ','527 Mayfair Pl SW ',NULL,'2018-06-21',NULL,21,NULL,13,NULL,'','\r'),(2528,'Barbara Martinez ','531 Mayfair Pl SW ',NULL,'2018-06-21',NULL,21,NULL,13,NULL,'','\r'),(2529,'Rosemary Quintana ','532 Mayfair Pl SW ',NULL,'2018-06-21',NULL,21,NULL,13,NULL,'','\r'),(2530,'Marc Salazar Sr. ','528 Mayfair Pl SW ',NULL,'2018-06-21',NULL,21,NULL,13,NULL,'','\r'),(2531,'Cody Vigil ','524 Mayfair Pl SW ',NULL,'2018-06-21',NULL,21,NULL,13,NULL,'','\r'),(2532,'Emily Thomas ','520 Mayfair Pl SW ',NULL,'2018-06-21',NULL,21,NULL,13,NULL,'','\r'),(2533,'Ivan Figueroa ','516 Mayfair Pl SW ',NULL,'2018-06-21',NULL,21,NULL,13,NULL,'','\r'),(2534,'Lizzet Vargas ','508 Mayfair Pl SW ',NULL,'2018-06-21',NULL,21,NULL,13,NULL,'','\r'),(2535,'Moira Sanders ','504 Mayfair Pl SW ',NULL,'2018-06-21',NULL,21,NULL,13,NULL,'','\r'),(2536,'Daniel Castillo ','500 Mayfair Pl SW ',NULL,'2018-06-21',NULL,21,NULL,13,NULL,'','\r'),(2537,'Christopher Perez ','424 Mayfair Pl SW ','505-247-2743 ','2018-06-28',4,21,1,NULL,NULL,'','\r'),(2538,'Connie Sanchez ','420 Mayfair Pl SW ',NULL,'2018-06-21',NULL,21,NULL,13,NULL,'','\r'),(2539,'Sabino Varela ','416 Mayfair Pl SW ','815-789-4786 ','2018-07-12',4,21,2,NULL,NULL,'','\r'),(2540,'Jovena Salazar ','408 Mayfair Pl SW ',NULL,'2018-06-21',NULL,21,NULL,13,NULL,'','\r'),(2541,'Alfredo Lopez ','400 Mayfair Pl SW ',NULL,'2018-06-21',NULL,21,NULL,14,NULL,'','\r'),(2542,'Yvette Zaragoza ','8523 Dunhill Ave SW ',NULL,'2018-06-21',NULL,21,NULL,14,NULL,'','\r'),(2543,'Cynthia Sanchez ','8519 Dunhill Ave SW ','505-839-5392 ','2018-08-02',2,21,3,23,NULL,'','\r'),(2544,'Pablo Ortiz ','8515 Dunhill Ave SW ',NULL,'2018-06-21',NULL,21,NULL,14,NULL,'','\r'),(2545,'R Ulibarri ','8509 Dunhill Ave SW ','505-831-7802 ','2018-06-28',4,21,1,NULL,NULL,'','\r'),(2546,'Margaret Burdex ','8505 Dunhill Ave SW ',NULL,'2018-06-21',NULL,21,NULL,14,NULL,'','\r'),(2547,'Duyet Dinh ','8501 Dunhill Ave SW ',NULL,'2018-06-21',NULL,21,NULL,14,NULL,'','\r'),(2548,'Ted Lucero ','8419 Dunhill Ave SW ',NULL,'2018-06-21',NULL,21,NULL,14,NULL,'','\r'),(2549,'Edward Garcia ','8415 Dunhill Ave SW ',NULL,'2018-06-21',NULL,21,NULL,14,NULL,'','\r'),(2550,'Doris McCann ','8409 Dunhill Ave SW ',NULL,'2018-06-21',NULL,21,NULL,14,NULL,'','\r'),(2551,'Lindol Hill ','8405 Dunhill Ave SW ','505-836-6291 ','2018-07-12',4,21,2,NULL,NULL,'','\r'),(2552,'Jacob Sailer ','8401 Dunhill Ave SW ','505-836-1672 ','2018-06-28',4,21,1,NULL,NULL,'','\r'),(2553,'Michelle Rodriguez ','8315 Dunhill Ave SW ',NULL,'2018-06-21',NULL,21,NULL,14,NULL,'','\r'),(2554,'Crista Romero','8309 Dunhill Ave SW ',NULL,NULL,NULL,21,NULL,NULL,3,'y','\r'),(2555,'Felicia Sanchez ','8305 Dunhill Ave SW ','505-839-3823 ','2018-08-02',1,21,3,23,NULL,'','\r'),(2556,'Sandra Sanchez ','8301 Dunhill Ave SW ',NULL,'2018-06-21',NULL,21,NULL,14,NULL,'','\r'),(2557,'Joseph Martinez ','8209 Dunhill Ave SW ',NULL,'2018-06-21',NULL,21,NULL,14,NULL,'','\r'),(2558,'Bethany Armstrong ','8205 Dunhill Ave SW ',NULL,'2018-06-21',NULL,21,NULL,14,NULL,'','\r'),(2559,'Renne Salazar ','8201 Dunhill Ave SW ',NULL,'2018-06-21',NULL,21,NULL,14,NULL,'','\r'),(2560,'Edgar Lovoya','400 Carfax Pl SW ',NULL,'2018-06-21',NULL,21,NULL,14,NULL,'','\r'),(2561,'Desiree Olguin ','404 Carfax Pl SW ',NULL,'2018-06-21',NULL,21,NULL,14,NULL,'','\r'),(2562,'Mariana Aguilar ','408 Carfax Pl SW ',NULL,'2018-06-21',NULL,21,NULL,14,NULL,'','\r'),(2563,'Ada Chavez ','412 Carfax Pl SW ',NULL,'2018-06-21',NULL,21,NULL,14,NULL,'','\r'),(2564,'Richard Fisher ','416 Carfax Pl SW ',NULL,'2018-06-21',NULL,21,NULL,14,NULL,'','\r'),(2565,'Laura Holguin ','500 Carfax Pl SW ',NULL,'2018-06-21',NULL,21,NULL,14,NULL,'','\r'),(2566,'Flor Regalato ','504 Carfax Pl SW ',NULL,'2018-06-21',NULL,21,NULL,14,NULL,'','\r'),(2567,'William Johnson ','508 Carfax Pl SW ',NULL,'2018-06-21',NULL,21,NULL,15,NULL,'','\r'),(2568,'Maria Palma ','516 Carfax Pl SW ',NULL,'2018-06-21',NULL,21,NULL,15,NULL,'','\r'),(2569,'Rembert Grey ','520 Carfax Pl SW ',NULL,'2018-06-21',NULL,21,NULL,15,NULL,'','\r'),(2570,'Shirleysh Bainbridge ','524 Carfax Pl SW ',NULL,'2018-06-21',NULL,21,NULL,15,NULL,'','\r'),(2571,'Nhavy Phou-Bon ','528 Carfax Pl SW ',NULL,'2018-06-21',NULL,21,NULL,15,NULL,'','\r'),(2572,'Karen Cantoja-Lock ','532 Carfax Pl SW ',NULL,'2018-06-21',NULL,21,NULL,15,NULL,'','\r'),(2573,'SEDILLO NANCY N','531 Carfax Pl SW',NULL,'2018-06-28',8,21,1,NULL,NULL,'',''),(2574,'Bryan Klein ','523 Carfax Pl SW ',NULL,'2018-06-21',NULL,21,NULL,15,NULL,'','\r'),(2575,'Christopher Fisher ','519 Carfax Pl SW ',NULL,NULL,NULL,21,NULL,NULL,3,'y','\r'),(2576,'Cecilia Johnson ','515 Carfax Pl SW ',NULL,'2018-06-21',NULL,21,NULL,15,NULL,'','\r'),(2577,'Jacqueline Chavez ','509 Carfax Pl SW ',NULL,'2018-06-21',NULL,21,NULL,15,NULL,'','\r'),(2578,'Dennis Korovlev ','505 Carfax Pl SW ',NULL,'2018-06-21',NULL,21,NULL,15,NULL,'','\r'),(2579,'Breanne Castillo ','501 Carfax Pl SW ',NULL,'2018-06-21',NULL,21,NULL,15,NULL,'','\r'),(2580,'John Schwartz Jr. ','419 Carfax Pl SW ','505-352-0529 ','2018-08-02',2,21,3,23,NULL,'','\r'),(2581,'Alayssa Lujan ','415 Carfax Pl SW ',NULL,'2018-06-21',NULL,21,NULL,15,NULL,'','\r'),(2582,'Rocio Hernandez ','409 Carfax Pl SW ',NULL,'2018-06-21',NULL,21,NULL,15,NULL,'','\r'),(2583,'Raymond Padilla ','405 Carfax Pl SW ',NULL,'2018-06-21',NULL,21,NULL,15,NULL,'','\r'),(2584,'Guadalupe Tinajero ','401 Carfax Pl SW ',NULL,'2018-06-21',NULL,21,NULL,15,NULL,'','\r'),(2585,'Gary Correll ','400 Saint James Pl SW ',NULL,'2018-06-21',NULL,21,NULL,15,NULL,'','\r'),(2586,'Irma Campos ','404 Saint James Pl SW ',NULL,'2018-06-21',NULL,21,NULL,15,NULL,'','\r'),(2587,'Conrado Salsbury ','408 Saint James Pl SW ',NULL,'2018-06-21',NULL,21,NULL,15,NULL,'','\r'),(2588,'Sherice Padilla ','412 Saint James Pl SW ',NULL,'2018-06-21',NULL,21,NULL,15,NULL,'','\r'),(2589,'Maria Martinez ','416 Saint James Pl SW ',NULL,'2018-06-21',NULL,21,NULL,15,NULL,'','\r'),(2590,'Walter Benavidez ','500 Saint James Pl SW ',NULL,'2018-06-21',NULL,21,NULL,15,NULL,'','\r'),(2591,'Nancy Rodriguez ','504 Saint James Pl SW ','505-836-3605 ','2018-07-12',4,21,2,NULL,NULL,'','\r'),(2592,'Ernest Vigil ','508 Saint James Pl SW ',NULL,'2018-06-21',NULL,21,NULL,15,NULL,'','\r'),(2593,'Walter Atencio Jr. ','516 Saint James Pl SW ','505-833-3912 ','2018-07-12',4,21,2,NULL,NULL,'','\r'),(2594,'Steven Trujillo ','520 Saint James Pl SW ',NULL,'2018-06-21',NULL,21,NULL,15,NULL,'','\r'),(2595,'Lawrence Garcia ','524 Saint James Pl SW ',NULL,'2018-06-21',NULL,21,NULL,15,NULL,'','\r'),(2596,'Alexcia Griego ','528 Saint James Pl SW ',NULL,NULL,NULL,21,NULL,NULL,3,'y','\r'),(2597,'Rafalita Ramirez ','532 Saint James Pl SW ','505-352-3843','2018-08-02',2,21,3,23,NULL,'','\r'),(2598,'Ailyn Munoz ','531 Saint James Pl SW ',NULL,'2018-06-21',NULL,21,NULL,15,NULL,'','\r'),(2599,'Sherman Richmond ','527 Saint James Pl SW ',NULL,'2018-06-21',NULL,21,NULL,15,NULL,'','\r'),(2600,'Brandon Larlee ','519 Saint James Pl SW ',NULL,'2018-06-21',NULL,21,NULL,15,NULL,'','\r'),(2601,'Grady Cashwell ','515 Saint James Pl SW ','505-833-0807 ','2018-07-12',4,21,2,NULL,NULL,'','\r'),(2602,'Kristian Maldonado ','509 Saint James Pl SW ','505-363-5402 ','2018-08-02',4,21,3,23,NULL,'','\r'),(2603,'Araceli Figueroa ','505 Saint James Pl SW ',NULL,'2018-06-21',NULL,21,NULL,15,NULL,'','\r'),(2604,'Michael Chavez ','501 Saint James Pl SW ',NULL,'2018-06-21',NULL,21,NULL,15,NULL,'','\r'),(2605,'Robb Martinez ','419 Saint James Pl SW ','505-203-7575 ','2018-08-02',1,21,3,23,NULL,'','\r'),(2606,'Jessica Bolivar ','415 Saint James Pl SW ',NULL,'2018-06-21',NULL,21,NULL,15,NULL,'','\r'),(2607,'Laurel Flowers ','409 Saint James Pl SW ','505-433-2191 ','2018-06-28',4,21,1,NULL,NULL,'','\r'),(2608,'Ramon Salinas ','405 Saint James Pl SW ','505-836-7198 ','2018-08-02',4,21,3,23,NULL,'','\r'),(2609,'Marcella Hernandez ','401 Saint James Pl SW ',NULL,'2018-06-21',NULL,21,NULL,15,NULL,'','\r'),(2610,'Treasures N Gifts ','400 Fenwick Pl SW ','505-280-5687 ',NULL,NULL,21,NULL,NULL,3,'y','\r'),(2611,'Maria Vasquez ','404 Fenwick Pl SW ',NULL,NULL,NULL,21,NULL,NULL,3,'y','\r'),(2612,'Julianne Jojola ','408 Fenwick Pl SW ','505-873-0208 ',NULL,NULL,21,NULL,NULL,3,'y','\r'),(2613,'Michael Perez ','416 Fenwick Pl SW ',NULL,NULL,NULL,21,NULL,NULL,3,'y','\r'),(2614,'Kevin Dwyer ','420 Fenwick Pl SW ',NULL,NULL,NULL,21,NULL,NULL,3,'y','\r'),(2615,'Veronica Cuellar ','500 Fenwick Pl SW ',NULL,NULL,NULL,21,NULL,NULL,3,'y','\r'),(2616,'RAMIREZ MARTIN ','504 Fenwick Pl SW ','505-267-2700',NULL,NULL,21,NULL,NULL,3,'y','\r'),(2617,'Mandy Perales ','508 Fenwick Pl SW ',NULL,NULL,NULL,21,NULL,NULL,3,'y','\r'),(2618,'Brenda Marquez ','516 Fenwick Pl SW ',NULL,NULL,NULL,21,NULL,NULL,3,'y','\r'),(2619,'Donald Smith ','520 Fenwick Pl SW ',NULL,NULL,NULL,21,NULL,NULL,3,'y','\r'),(2620,'Elfigo Hernandez Jr. ','524 Fenwick Pl SW ',NULL,NULL,NULL,21,NULL,NULL,3,'y','\r'),(2621,'Nancy Martinez ','528 Fenwick Pl SW ',NULL,NULL,NULL,21,NULL,NULL,3,'y','\r'),(2622,'Nicolette Salas ','532 Fenwick Pl SW ',NULL,NULL,NULL,21,NULL,NULL,3,'y','\r'),(2623,'Robert Luna ','531 Fenwick Pl SW ',NULL,NULL,NULL,21,NULL,NULL,3,'y','\r'),(2624,'Anna Martinez ','527 Fenwick Pl SW ',NULL,NULL,NULL,21,NULL,NULL,3,'y','\r'),(2625,'Michael Montoya','523 Fenwick Pl SW ',NULL,NULL,NULL,21,NULL,NULL,3,'y','\r'),(2626,'Lilly Dimas ','519 Fenwick Pl SW ',NULL,NULL,NULL,21,NULL,NULL,3,'y','\r'),(2627,'Nadine Von Gedda ','515 Fenwick Pl SW ','505-836-4161 ',NULL,NULL,21,NULL,NULL,3,'y','\r'),(2628,'Joseph Gonzales ','509 Fenwick Pl SW ',NULL,NULL,NULL,21,NULL,NULL,3,'y','\r'),(2629,'Charles Montoya ','505 Fenwick Pl SW ',NULL,NULL,NULL,21,NULL,NULL,3,'y','\r'),(2630,'Irineo Castillo ','501 Fenwick Pl SW ',NULL,NULL,NULL,21,NULL,NULL,3,'y','\r'),(2631,'RAMIREZ ARTHUR ','419 Fenwick Pl SW ','505-503-6595 ',NULL,NULL,21,NULL,NULL,3,'y','\r'),(2632,'Patrick Barboa ','415 Fenwick Pl SW ',NULL,NULL,NULL,21,NULL,NULL,3,'y','\r'),(2633,'Joann Montano ','409 Fenwick Pl SW ','505-836-5558 ',NULL,NULL,21,NULL,NULL,3,'y','\r'),(2634,'Gabriel Gutierrez ','405 Fenwick Pl SW ',NULL,NULL,NULL,21,NULL,NULL,3,'y','\r'),(2635,'Daisy Venegas ','401 Fenwick Pl SW ',NULL,NULL,NULL,21,NULL,NULL,3,'y','\r'),(2643,'Juanita Flores ','528 El Shaddai St NW','505-898-1059 ',NULL,NULL,22,NULL,NULL,NULL,'','\r'),(2644,'Freddie & Carol A Casados ','520 El Shaddai St NW','505-205-5108',NULL,NULL,22,NULL,NULL,NULL,'','\r'),(2645,'Ana Gomez ','416 El Shaddai St NW','505-814-8034 ',NULL,NULL,22,NULL,NULL,NULL,'','\r'),(2646,'Araceli Sosa-Gonzales ','412 El Shaddai St NW','505-489-4622 ',NULL,NULL,22,NULL,NULL,NULL,'','\r'),(2647,'Donna Lasiloo ','415 El Shaddai St NW','505-797-3538 ',NULL,NULL,22,NULL,NULL,NULL,'','\r'),(2648,'Dorothy Igo ','9520 Adonai Rd NW','505-553-1096 ',NULL,NULL,22,NULL,NULL,NULL,'','\r'),(2649,'Alejandro D Ferraiolo ','500 Elohim Ct NW','505-839-6876 ',NULL,NULL,22,NULL,NULL,NULL,'','\r'),(2650,'Samuel Pina ','423 Elohim Ct NW','505-877-0835 ',NULL,NULL,22,NULL,NULL,NULL,'','\r'),(2651,'Al-Karim Nasser ','415 Elohim Ct NW','505-839-8444 ',NULL,NULL,22,NULL,NULL,NULL,'','\r'),(2652,'Lacey Smyht ','532 El Shaddai St NW',NULL,NULL,NULL,22,NULL,NULL,NULL,'','\r'),(2653,'Beth Stevens ','524 El Shaddai St NW',NULL,NULL,NULL,22,NULL,NULL,NULL,'','\r'),(2654,'Tuyen Le ','516 El Shaddai St NW',NULL,NULL,NULL,22,NULL,NULL,NULL,'','\r'),(2655,'James Meyer ','512 El Shaddai St NW',NULL,NULL,NULL,22,NULL,NULL,NULL,'','\r'),(2656,'Jorge Martinez ','508 El Shaddai St NW',NULL,NULL,NULL,22,NULL,NULL,NULL,'','\r'),(2657,'Ulpiano Oczon Jr. ','504 El Shaddai St NW',NULL,NULL,NULL,22,NULL,NULL,NULL,'','\r'),(2658,'William Kirkpartrick ','500 El Shaddai St NW',NULL,NULL,NULL,22,NULL,NULL,NULL,'','\r'),(2659,'Reyna Talamante ','428 El Shaddai St NW',NULL,NULL,NULL,22,NULL,NULL,NULL,'','\r'),(2660,'Arlene Harding ','424 El Shaddai St NW',NULL,NULL,NULL,22,NULL,NULL,NULL,'','\r'),(2661,'Michelle Gutierrez ','420 El Shaddai St NW',NULL,NULL,NULL,22,NULL,NULL,NULL,'','\r'),(2662,'Joe Martinez ','408 El Shaddai St NW',NULL,NULL,NULL,22,NULL,NULL,NULL,'','\r'),(2663,'Frankie Gutierrez ','404 El Shaddai St NW',NULL,NULL,NULL,22,NULL,NULL,NULL,'','\r'),(2664,'Sandra Hanrahan ','400 El Shaddai St NW',NULL,NULL,NULL,22,NULL,NULL,NULL,'','\r'),(2665,'Amber McLendon ','419 El Shaddai St NW',NULL,NULL,NULL,22,NULL,NULL,NULL,'','\r'),(2666,'Leo R & Eva Sanchez ','423 El Shaddai St NW',NULL,NULL,NULL,22,NULL,NULL,NULL,'','\r'),(2667,'Antonio Armijo ','427 El Shaddai St NW',NULL,NULL,NULL,22,NULL,NULL,NULL,'','\r'),(2668,'Alma Ornelas ','501 El Shaddai St NW',NULL,NULL,NULL,22,NULL,NULL,NULL,'','\r'),(2669,'Andre Geoffrion ','505 El Shaddai St NW',NULL,NULL,NULL,22,NULL,NULL,NULL,'','\r'),(2670,'Izaiah Romero ','509 El Shaddai St NW',NULL,NULL,NULL,22,NULL,NULL,NULL,'','\r'),(2671,'Oscar Botello ','511 El Shaddai St NW',NULL,NULL,NULL,22,NULL,NULL,NULL,'','\r'),(2672,'Patricia Wall ','515 El Shaddai St NW',NULL,NULL,NULL,22,NULL,NULL,NULL,'','\r'),(2673,'Kathy Maldonado ','519 El Shaddai St NW',NULL,NULL,NULL,22,NULL,NULL,NULL,'','\r'),(2674,'Esther Sullivan ','523 El Shaddai St NW',NULL,NULL,NULL,22,NULL,NULL,NULL,'','\r'),(2675,'Peter Baca ','9500 Adonai Rd NW',NULL,NULL,NULL,22,NULL,NULL,NULL,'','\r'),(2676,'Noemi Bustillos ','9504 Adonai Rd NW',NULL,NULL,NULL,22,NULL,NULL,NULL,'','\r'),(2677,'Jesus Acosta ','9508 Adonai Rd NW',NULL,NULL,NULL,22,NULL,NULL,NULL,'','\r'),(2678,'Jessica Rubio ','9512 Adonai Rd NW',NULL,NULL,NULL,22,NULL,NULL,NULL,'','\r'),(2679,'Patrick Garcia ','9516 Adonai Rd NW',NULL,NULL,NULL,22,NULL,NULL,NULL,'','\r'),(2680,'Yolanda Torres ','9600 Adonai Rd NW',NULL,NULL,NULL,22,NULL,NULL,NULL,'','\r'),(2681,'Christopher Cordova ','9604 Adonai Rd NW',NULL,NULL,NULL,22,NULL,NULL,NULL,'','\r'),(2682,'Irene Trujillo ','9608 Adonai Rd NW',NULL,NULL,NULL,22,NULL,NULL,NULL,'','\r'),(2683,'Diana Rivera ','9612 Adonai Rd NW',NULL,NULL,NULL,22,NULL,NULL,NULL,'','\r'),(2684,'Julian Lujan ','9616 Adonai Rd NW',NULL,NULL,NULL,22,NULL,NULL,NULL,'','\r'),(2685,'Juana DelGado ','9620 Adonai Rd NW',NULL,NULL,NULL,22,NULL,NULL,NULL,'','\r'),(2686,'Joe Solis ','9624 Adonai Rd NW',NULL,NULL,NULL,22,NULL,NULL,NULL,'','\r'),(2687,'Olivia Meo ','416 Elohim Ct NW',NULL,NULL,NULL,22,NULL,NULL,NULL,'','\r'),(2688,'Charles E Burrell Jr. ','420 Elohim Ct NW',NULL,NULL,NULL,22,NULL,NULL,NULL,'','\r'),(2689,'Raymond Barela ','424 Elohim Ct NW',NULL,NULL,NULL,22,NULL,NULL,6,'','y'),(2690,'Crystal Winters ','428 Elohim Ct NW',NULL,NULL,NULL,22,NULL,NULL,NULL,'','\r'),(2691,'David Ora ','504 Elohim Ct NW',NULL,NULL,NULL,22,NULL,NULL,NULL,'','\r'),(2692,'Martin Mena ','508 Elohim Ct NW',NULL,NULL,NULL,22,NULL,NULL,NULL,'','\r'),(2693,'Guillermina Valverde ','512 Elohim Ct NW',NULL,NULL,NULL,22,NULL,NULL,NULL,'','\r'),(2694,'Joseph Alarcon ','427 Elohim Ct NW',NULL,NULL,NULL,22,NULL,NULL,NULL,'','\r'),(2695,'Antonio Miramonte ','208 Galataneau St NW','505-352-2877 ','2018-07-12',5,23,2,NULL,NULL,'','\r'),(2696,'Marco Soto ','222 Galataneau St NW','505-352-6819 ','2018-08-02',2,23,3,24,NULL,'','\r'),(2697,'Alex Barela ','347 Galataneau St NW','505-839-4425 ','2018-08-02',2,23,3,24,NULL,'','\r'),(2698,'Robert Vigil ','343 Galataneau St NW','505-803-9313 ','2018-06-28',4,23,1,NULL,NULL,'','\r'),(2699,'Diefo Rueda Simental ','323 Galataneau St NW','505-839-0102 ','2018-08-02',2,23,3,24,NULL,'','\r'),(2700,'Demie Ramirez ','315 Galataneau St NW','505-831-5143 ','2018-07-12',4,23,2,NULL,NULL,'','\r'),(2701,'Robert Morgan ','205 Galataneau St NW','406-862-3190 ','2018-08-02',2,23,3,24,NULL,'','\r'),(2702,'Alicia Sanchez ','223 Bristol St NW','505-835-0030 ','2018-08-02',4,23,3,24,NULL,'','\r'),(2703,'Elaine Chiquito ','305 Bristol St NW','505-489-6507 ','2018-08-02',2,23,3,24,NULL,'','\r'),(2704,'Gino Martinez ','346 Bristol St NW','505-452-9129 ','2018-07-14',2,23,3,NULL,3,'','\r'),(2705,'Current Resident','9101 Volcano Rd NW',NULL,'2018-06-26',NULL,23,NULL,16,NULL,'','\r'),(2706,'BESSIE WAUNEKA ','9101 Volcano Rd NW Unit 2 ',NULL,'2018-06-26',NULL,23,NULL,16,NULL,'','\r'),(2707,'current resident','9101 Volcano Rd NW Unit 3 ',NULL,'2018-06-26',NULL,23,NULL,16,NULL,'','\r'),(2708,'Current Resident','9101 Volcano Rd NW Unit 4 ',NULL,'2018-06-26',NULL,23,NULL,16,NULL,'','\r'),(2709,'current resident','9101 Volcano Rd NW Unit 5 ',NULL,'2018-06-26',NULL,23,NULL,16,NULL,'','\r'),(2710,'current resident','9101 Volcano Rd NW Unit 6 ',NULL,'2018-06-26',NULL,23,NULL,16,NULL,'','\r'),(2711,'LIBBY RODRIGUEZ ','9101 Volcano Rd NW Unit 7 ',NULL,'2018-06-26',NULL,23,NULL,17,NULL,'','\r'),(2712,'GERARDO SANCHEZ ','9101 Volcano Rd NW Unit 8 ',NULL,'2018-06-26',NULL,23,NULL,17,NULL,'','\r'),(2713,'JEANNE MCCOY ','9101 Volcano Rd NW Unit 9 ',NULL,'2018-06-26',NULL,23,NULL,17,NULL,'','\r'),(2714,'Current Resident','9101 Volcano Rd NW Unit 10 ',NULL,'2018-06-26',NULL,23,NULL,17,NULL,'','\r'),(2715,'current resident','9101 Volcano Rd NW Unit 11 ',NULL,'2018-06-26',NULL,23,NULL,17,NULL,'','\r'),(2716,'current resident','9101 Volcano Rd NW Unit 12 ',NULL,'2018-06-26',NULL,23,NULL,17,NULL,'','\r'),(2717,'Current Resident','9101 Volcano Rd NW Unit 13 ',NULL,'2018-06-26',NULL,23,NULL,17,NULL,'','\r'),(2718,'current resident','9101 Volcano Rd NW Unit 14 ',NULL,'2018-06-26',NULL,23,NULL,17,NULL,'','\r'),(2719,'current resident','9101 Volcano Rd NW Unit 15 ',NULL,'2018-06-26',NULL,23,NULL,17,NULL,'','\r'),(2720,'Current Resident','9101 Volcano Rd NW Unit 16 ',NULL,'2018-06-26',NULL,23,NULL,17,NULL,'','\r'),(2721,'current resident','9101 Volcano Rd NW Unit 17 ',NULL,'2018-06-26',NULL,23,NULL,17,NULL,'','\r'),(2722,'current resident','9101 Volcano Rd NW Unit 18 ',NULL,'2018-06-26',NULL,23,NULL,17,NULL,'','\r'),(2723,'GRACE PELKEY ','9101 Volcano Rd NW Unit 19 ',NULL,'2018-06-26',NULL,23,NULL,17,NULL,'','\r'),(2724,'current resident','9101 Volcano Rd NW Unit 20 ',NULL,'2018-06-26',NULL,23,NULL,17,NULL,'','\r'),(2725,'current resident','9101 Volcano Rd NW Unit 21 ',NULL,'2018-06-26',NULL,23,NULL,17,NULL,'','\r'),(2726,'Current Resident','9101 Volcano Rd NW Unit 22 ',NULL,'2018-06-26',NULL,23,NULL,17,NULL,'','\r'),(2727,'CARLOS AGUERO ','9101 Volcano Rd NW Unit 23 ',NULL,'2018-06-26',NULL,23,NULL,17,NULL,'','\r'),(2728,'current resident','9101 Volcano Rd NW Unit 25 ',NULL,'2018-06-26',NULL,23,NULL,17,NULL,'','\r'),(2729,'BLANCA LEDESMA ','9101 Volcano Rd NW Unit 26 ',NULL,'2018-06-26',NULL,23,NULL,17,NULL,'','\r'),(2730,'current resident','9101 Volcano Rd NW Unit 27 ',NULL,'2018-06-26',NULL,23,NULL,17,NULL,'','\r'),(2731,'CHARLES & JOHNNY FISCHER ','9101 Volcano Rd NW Unit 28 ',NULL,'2018-06-26',NULL,23,NULL,17,NULL,'','\r'),(2732,'Current Resident','9101 Volcano Rd NW Unit 29 ',NULL,'2018-06-26',NULL,23,NULL,17,NULL,'','\r'),(2733,'GEORGE CHAVEZ ','9101 Volcano Rd NW Unit 30 ',NULL,'2018-06-26',NULL,23,NULL,17,NULL,'','\r'),(2734,'current resident','9101 Volcano Rd NW Unit 31 ',NULL,'2018-06-26',NULL,23,NULL,17,NULL,'','\r'),(2735,'RAUL & GUILLERMINA REYES ','9101 Volcano Rd NW Unit 32 ',NULL,'2018-06-26',NULL,23,NULL,17,NULL,'','\r'),(2736,'current resident','9101 Volcano Rd NW Unit 33 ',NULL,'2018-06-26',NULL,23,NULL,17,NULL,'','\r'),(2737,'MARIA MENDOZA ','9101 Volcano Rd NW Unit 34 ',NULL,'2018-06-26',NULL,23,NULL,17,NULL,'','\r'),(2738,'IRIS RODRIGUEZ ','9101 Volcano Rd NW Unit 35 ',NULL,'2018-06-26',NULL,23,NULL,17,NULL,'','\r'),(2739,'NORMAN FREBER ','9101 Volcano Rd NW Unit 36 ',NULL,'2018-06-26',NULL,23,NULL,17,NULL,'','\r'),(2740,'current resident','9101 Volcano Rd NW Unit 37 ',NULL,'2018-06-26',NULL,23,NULL,17,NULL,'','\r'),(2741,'Current Resident','9101 Volcano Rd NW Unit 38 ',NULL,'2018-06-26',NULL,23,NULL,17,NULL,'','\r'),(2742,'current resident','9101 Volcano Rd NW Unit 39 ',NULL,'2018-06-26',NULL,23,NULL,17,NULL,'','\r'),(2743,'current resident','9101 Volcano Rd NW Unit 40 ',NULL,'2018-06-26',NULL,23,NULL,17,NULL,'','\r'),(2744,'VERONICA ALVAREZ ','9101 Volcano Rd NW Unit 41 ',NULL,'2018-06-26',NULL,23,NULL,17,NULL,'','\r'),(2745,'current resident','9101 Volcano Rd NW Unit 42 ',NULL,'2018-06-26',NULL,23,NULL,17,NULL,'','\r'),(2746,'current resident','9101 Volcano Rd NW Unit 43 ',NULL,'2018-06-26',NULL,23,NULL,17,NULL,'','\r'),(2747,'Current Resident','9101 Volcano Rd NW Unit 44 ',NULL,'2018-06-26',NULL,23,NULL,17,NULL,'','\r'),(2748,'current resident','9101 Volcano Rd NW Unit 45 ',NULL,'2018-06-26',NULL,23,NULL,17,NULL,'','\r'),(2749,'current resident','9101 Volcano Rd NW Unit 46 ',NULL,'2018-06-26',NULL,23,NULL,17,NULL,'','\r'),(2750,'JOSE BARELA ','9101 Volcano Rd NW Unit 47 ',NULL,'2018-06-26',NULL,23,NULL,17,NULL,'','\r'),(2751,'current resident','9101 Volcano Rd NW Unit 48 ',NULL,'2018-06-26',NULL,23,NULL,17,NULL,'','\r'),(2752,'current resident','9101 Volcano Rd NW Unit 49 ',NULL,'2018-06-26',NULL,23,NULL,17,NULL,'','\r'),(2753,'Current Resident','9101 Volcano Rd NW Unit 50 ',NULL,'2018-06-26',NULL,23,NULL,17,NULL,'','\r'),(2754,'LEROY BACA ','9101 Volcano Rd NW Unit 51 ',NULL,'2018-06-26',NULL,23,NULL,17,NULL,'','\r'),(2755,'MARIA BUSTAMANTE ','9101 Volcano Rd NW Unit 52 ',NULL,'2018-06-26',NULL,23,NULL,17,NULL,'','\r'),(2756,'CINTHIA CARAVEO ','9101 Volcano Rd NW Unit 53 ',NULL,'2018-06-26',NULL,23,NULL,17,NULL,'','\r'),(2757,'current resident','9101 Volcano Rd NW Unit 54 ',NULL,'2018-06-26',NULL,23,NULL,17,NULL,'','\r'),(2758,'current resident','9101 Volcano Rd NW Unit 55 ',NULL,'2018-06-26',NULL,23,NULL,17,NULL,'','\r'),(2759,'Current Resident','9101 Volcano Rd NW Unit 56 ',NULL,'2018-06-26',NULL,23,NULL,17,NULL,'','\r'),(2760,'current resident','9101 Volcano Rd NW Unit 57 ',NULL,'2018-06-26',NULL,23,NULL,17,NULL,'','\r'),(2761,'LEE & VALARIE GONZALES ','9101 Volcano Rd NW Unit 58 ',NULL,'2018-06-28',8,23,1,18,NULL,'','\r'),(2762,'ELSA ROJAS ','9101 Volcano Rd NW Unit 59 ',NULL,'2018-06-28',8,23,1,18,NULL,'','\r'),(2763,'current resident','9101 Volcano Rd NW Unit 60 ',NULL,'2018-06-28',NULL,23,NULL,18,NULL,'','\r'),(2764,'current resident','9101 Volcano Rd NW Unit 61 ',NULL,'2018-06-28',NULL,23,NULL,18,NULL,'','\r'),(2765,'Current Resident','9101 Volcano Rd NW Unit 62 ',NULL,'2018-06-28',NULL,23,NULL,18,NULL,'','\r'),(2766,'JOSE & ESMERALDA VASQUEZ ','9101 Volcano Rd NW Unit 63 ',NULL,'2018-06-28',NULL,23,NULL,18,NULL,'','\r'),(2767,'OSCAR & MIRIAM CASTRO ','9101 Volcano Rd NW Unit 64 ',NULL,'2018-06-28',NULL,23,NULL,18,NULL,'','\r'),(2768,'Current Resident','9101 Volcano Rd NW Unit 65 ',NULL,'2018-06-28',NULL,23,NULL,18,NULL,'','\r'),(2769,'JOAQUIN & CARMEN GOMEZ ','9101 Volcano Rd NW Unit 66 ',NULL,'2018-06-28',NULL,23,NULL,18,NULL,'','\r'),(2770,'current resident','9101 Volcano Rd NW Unit 67 ',NULL,'2018-06-28',NULL,23,NULL,18,NULL,'','\r'),(2771,'VERONICA GUZMAN ','9101 Volcano Rd NW Unit 68 ',NULL,'2018-06-28',NULL,23,NULL,18,NULL,'','\r'),(2772,'current resident','9101 Volcano Rd NW Unit 69 ',NULL,'2018-06-28',NULL,23,NULL,18,NULL,'','\r'),(2773,'LOUISE MURPHY ','9005 Volcano Rd NW Trlr 1 ',NULL,'2018-06-28',NULL,23,NULL,18,NULL,'','\r'),(2774,'JOSEPH TRUJILLO ','9005 Volcano Rd NW Trlr 2 ',NULL,'2018-06-28',NULL,23,NULL,18,NULL,'','\r'),(2775,'JUDY SEARFOSS ','9005 Volcano Rd NW Trlr 3 ',NULL,'2018-06-28',NULL,23,NULL,18,NULL,'','\r'),(2776,'VIVIAN PAYAN ','9005 Volcano Rd NW Trlr 4 ',NULL,'2018-06-28',NULL,23,NULL,18,NULL,'','\r'),(2777,'Current Resident','9005 Volcano Rd NW Trlr 5 ',NULL,'2018-06-28',NULL,23,NULL,18,NULL,'','\r'),(2778,'SOFIE REGALADO ','9005 Volcano Rd NW Trlr 6 ',NULL,'2018-06-28',NULL,23,NULL,18,NULL,'','\r'),(2779,'current resident','9005 Volcano Rd NW Trlr 7 ',NULL,'2018-06-28',NULL,23,NULL,18,NULL,'','\r'),(2780,'WILMER GARCIA ','9005 Volcano Rd NW Trlr 8 ',NULL,'2018-06-28',NULL,23,NULL,18,NULL,'','\r'),(2781,'current resident','9005 Volcano Rd NW Trlr 9 ',NULL,'2018-06-28',NULL,23,NULL,18,NULL,'','\r'),(2782,'CESAR RAZCON ','9005 Volcano Rd NW Trlr 10 ',NULL,'2018-06-28',NULL,23,NULL,18,NULL,'','\r'),(2783,'BLANCA VALDEZ ','9005 Volcano Rd NW Trlr 11 ',NULL,'2018-06-28',NULL,23,NULL,18,NULL,'','\r'),(2784,'GEENA & VIRGINA CLARK ','9005 Volcano Rd NW Trlr 12 ',NULL,'2018-06-28',NULL,23,NULL,18,NULL,'','\r'),(2785,'ANA MUNIZ ','9005 Volcano Rd NW Trlr 13 ',NULL,'2018-06-28',NULL,23,NULL,18,NULL,'','\r'),(2786,'GUADALUPE FRIA ','9005 Volcano Rd NW Trlr 14 ',NULL,'2018-06-28',NULL,23,NULL,18,NULL,'','\r'),(2787,'current resident','9005 Volcano Rd NW Trlr 15 ',NULL,'2018-06-28',NULL,23,NULL,18,NULL,'','\r'),(2788,'current resident','9005 Volcano Rd NW Trlr 16A ',NULL,'2018-06-28',NULL,23,NULL,18,NULL,'','\r'),(2789,'Current Resident','9005 Volcano Rd NW Trlr 16B ',NULL,'2018-06-28',NULL,23,NULL,18,NULL,'','\r'),(2790,'GREGORY & DAVID CLAY ','9005 Volcano Rd NW Trlr 17 ',NULL,'2018-06-28',NULL,23,NULL,18,NULL,'','\r'),(2791,'PETE TORREZ ','9005 Volcano Rd NW Trlr 18 ',NULL,'2018-06-28',NULL,23,NULL,19,NULL,'','\r'),(2792,'SHAWNETTE RAMONE ','9005 Volcano Rd NW Trlr 19 ',NULL,'2018-06-28',NULL,23,NULL,19,NULL,'','\r'),(2793,'CHRISTOPHER GALLEGOS ','9005 Volcano Rd NW Trlr 20 ',NULL,'2018-06-28',NULL,23,NULL,19,NULL,'','\r'),(2794,'current resident','9005 Volcano Rd NW Trlr 21 ',NULL,'2018-06-28',NULL,23,NULL,19,NULL,'','\r'),(2795,'BASILIO JUAREZ ','9005 Volcano Rd NW Trlr 22 ',NULL,'2018-06-28',NULL,23,NULL,19,NULL,'','\r'),(2796,'DEBBIE CAPPELLO ','9005 Volcano Rd NW Trlr 23 ',NULL,'2018-06-28',NULL,23,NULL,19,NULL,'','\r'),(2797,'ANTONIO ALVAREZ ','9005 Volcano Rd NW Trlr 24 ',NULL,'2018-06-28',NULL,23,NULL,19,NULL,'','\r'),(2798,'MARIA RESENDIZ ','9005 Volcano Rd NW Trlr 25 ',NULL,'2018-06-28',NULL,23,NULL,19,NULL,'','\r'),(2799,'current resident','9005 Volcano Rd NW Trlr 26 ',NULL,'2018-06-28',NULL,23,NULL,19,NULL,'','\r'),(2800,'current resident','9005 Volcano Rd NW Trlr 27 ',NULL,'2018-06-28',NULL,23,NULL,19,NULL,'','\r'),(2801,'ARTHUR PEREZ ','9005 Volcano Rd NW Trlr 28 ',NULL,'2018-06-28',NULL,23,NULL,19,NULL,'','\r'),(2802,'MIRIAM MONTOYA ','9005 Volcano Rd NW Trlr 29B ',NULL,'2018-06-28',NULL,23,NULL,19,NULL,'','\r'),(2803,'ALFONSO & CARLOS JANZEN ','9005 Volcano Rd NW Trlr 30 ',NULL,'2018-06-28',NULL,23,NULL,19,NULL,'','\r'),(2804,'Current Resident','9005 Volcano Rd NW Trlr 31 ',NULL,'2018-06-28',NULL,23,NULL,19,NULL,'','\r'),(2805,'current resident','9005 Volcano Rd NW Trlr 32 ',NULL,'2018-06-28',NULL,23,NULL,19,NULL,'','\r'),(2806,'current resident','9005 Volcano Rd NW Trlr 33 ',NULL,'2018-06-28',NULL,23,NULL,19,NULL,'','\r'),(2807,'Current Resident','9005 Volcano Rd NW Trlr 34 ',NULL,'2018-06-28',NULL,23,NULL,19,NULL,'','\r'),(2808,'current resident','9005 Volcano Rd NW Trlr 35 ',NULL,'2018-06-28',NULL,23,NULL,19,NULL,'','\r'),(2809,'MATTHEW MARQUEZ ','9005 Volcano Rd NW Trlr 36 ',NULL,'2018-06-28',NULL,23,NULL,19,NULL,'','\r'),(2810,'Current Resident','9005 Volcano Rd NW Trlr 37 ',NULL,'2018-06-28',NULL,23,NULL,19,NULL,'','\r'),(2811,'current resident','9005 Volcano Rd NW Trlr 38 ',NULL,'2018-06-28',NULL,23,NULL,19,NULL,'','\r'),(2812,'ERICA SANCHEZ ','9005 Volcano Rd NW Trlr 39 ',NULL,'2018-06-28',NULL,23,NULL,19,NULL,'','\r'),(2813,'CHRISTOPHER & JAMES ROGERS ','9005 Volcano Rd NW Trlr 40 ',NULL,'2018-06-28',NULL,23,NULL,19,NULL,'','\r'),(2814,'current resident','9005 Volcano Rd NW Trlr 41 ',NULL,'2018-06-28',NULL,23,NULL,19,NULL,'','\r'),(2815,'FAUSTINO VELASQUEZ ','9005 Volcano Rd NW Trlr 42 ',NULL,'2018-06-28',NULL,23,NULL,19,NULL,'','\r'),(2816,'Current Resident','9005 Volcano Rd NW Trlr 43 ',NULL,'2018-06-28',NULL,23,NULL,19,NULL,'','\r'),(2817,'current resident','9005 Volcano Rd NW Trlr 44 ',NULL,'2018-06-28',NULL,23,NULL,19,NULL,'','\r'),(2818,'Raphael Marquez ','200 Galataneau St NW',NULL,'2018-06-28',NULL,23,NULL,19,NULL,'','\r'),(2819,'Kimberley Mandell ','204 Galataneau St NW',NULL,'2018-06-28',NULL,23,NULL,19,NULL,'','\r'),(2820,'Tina Sanchez ','216 Galataneau St NW',NULL,'2018-06-28',NULL,23,NULL,19,NULL,'','\r'),(2821,'Luz Corral ','218 Galataneau St NW',NULL,'2018-07-14',NULL,23,NULL,22,NULL,'','\r'),(2822,'Horace Garcia Sr. ','226 Galataneau St NW',NULL,'2018-07-14',NULL,23,NULL,22,NULL,'','\r'),(2823,'Everette Garcia ','300 Galataneau St NW',NULL,'2018-07-14',NULL,23,NULL,22,NULL,'','\r'),(2824,'Regina Gonzales ','304 Galataneau St NW',NULL,'2018-07-14',NULL,23,NULL,22,NULL,'','\r'),(2825,'Horace Garcia Sr. ','308 Galataneau St NW',NULL,'2018-07-14',NULL,23,NULL,22,NULL,'','\r'),(2826,'Corrine Valencia ','316 Galataneau St NW',NULL,'2018-07-14',NULL,23,NULL,22,NULL,'','\r'),(2827,'Evangeline Loera ','320 Galataneau St NW',NULL,'2018-07-14',NULL,23,NULL,22,NULL,'','\r'),(2828,'Leticia Guerra ','324 Galataneau St NW',NULL,'2018-07-14',NULL,23,NULL,22,NULL,'','\r'),(2829,'Sara Aragon ','332 Galataneau St NW',NULL,'2018-07-14',NULL,23,NULL,22,NULL,'','\r'),(2830,'Vanessa Casaus ','339 Galataneau St NW',NULL,'2018-07-14',NULL,23,NULL,22,NULL,'','\r'),(2831,'Carlos Felix ','331 Galataneau St NW',NULL,'2018-08-02',NULL,23,NULL,24,NULL,'','\r'),(2832,'Michael Sedillo ','327 Galataneau St NW',NULL,'2018-08-02',NULL,23,NULL,24,NULL,'','\r'),(2833,'Darlene Norris ','319 Galataneau St NW',NULL,'2018-08-02',NULL,23,NULL,24,NULL,'','\r'),(2834,'Current Resident','309 Galataneau St NW',NULL,'2018-08-02',NULL,23,NULL,24,NULL,'','\r'),(2835,'Lilia Lajeunesse ','305 Galataneau St NW',NULL,'2018-08-02',NULL,23,NULL,24,NULL,'','\r'),(2836,'Ramon Sanchez ','301 Galataneau St NW',NULL,'2018-08-02',NULL,23,NULL,24,NULL,'','\r'),(2837,'Celia Enriquez ','227 Galataneau St NW',NULL,'2018-08-02',NULL,23,NULL,24,NULL,'','\r'),(2838,'Carlos Chavarria ','223 Galataneau St NW',NULL,'2018-08-02',NULL,23,NULL,24,NULL,'','\r'),(2839,'Antoinette Serino ','219 Galataneau St NW',NULL,'2018-08-02',NULL,23,NULL,24,NULL,'','\r'),(2840,'Crystal Salazar ','215 Galataneau St NW',NULL,'2018-08-02',NULL,23,NULL,24,NULL,'','\r'),(2841,'Terrell White ','209 Galataneau St NW',NULL,'2018-08-02',NULL,23,NULL,24,NULL,'','\r'),(2842,'Guillermo Carbajal ','201 Galataneau St NW',NULL,'2018-08-02',NULL,23,NULL,24,NULL,'','\r'),(2843,'Gabriela Nunez ','201 Bristol St NW',NULL,'2018-08-02',NULL,23,NULL,24,NULL,'','\r'),(2844,'Paul Aragon ','205 Bristol St NW',NULL,'2018-08-02',NULL,23,NULL,24,NULL,'','\r'),(2845,'Clarence Chavez Jr. ','209 Bristol St NW',NULL,'2018-08-02',NULL,23,NULL,24,NULL,'','\r'),(2846,'Felipa Garcia ','215 Bristol St NW',NULL,'2018-08-02',NULL,23,NULL,24,NULL,'','\r'),(2847,'Lucia Romero ','219 Bristol St NW',NULL,'2018-08-02',NULL,23,NULL,25,NULL,'','\r'),(2848,'Dora Rodriguez ','227 Bristol St NW',NULL,'2018-08-02',NULL,23,NULL,25,NULL,'','\r'),(2849,'Sandra Rodriguez ','301 Bristol St NW',NULL,'2018-08-02',NULL,23,NULL,25,NULL,'','\r'),(2850,'Ashley Webb ','309 Bristol St NW',NULL,'2018-08-02',NULL,23,NULL,25,NULL,'','\r'),(2851,'John Bazan ','315 Bristol St NW',NULL,'2018-08-02',NULL,23,NULL,25,NULL,'','\r'),(2852,'Eduardo Rios-Gonzalez ','319 Bristol St NW',NULL,'2018-08-02',NULL,23,NULL,25,NULL,'','\r'),(2853,'Antonio Morales ','323 Bristol St NW',NULL,'2018-08-02',NULL,23,NULL,25,NULL,'','\r'),(2854,'Diana Ledezma ','333 Bristol St NW',NULL,'2018-08-02',NULL,23,NULL,25,NULL,'','\r'),(2855,'Kimberly Cage ','338 Bristol St NW',NULL,'2018-08-02',NULL,23,NULL,25,NULL,'','\r'),(2856,'Fernando Saavedra ','342 Bristol St NW',NULL,'2018-08-02',NULL,23,NULL,25,NULL,'','\r'),(3205,'Gene Chavez Sr. ','805 Tanager Dr SW','505-227-6953 ','2018-07-12',4,25,1,NULL,NULL,'','\r'),(3206,'Susana Olivas ','809 Tanager Dr SW','505-836-1743 ','2018-07-12',4,25,1,NULL,NULL,'','\r'),(3207,'Jeffrey Burnett ','811 Tanager Dr SW','505-352-9520 ','2018-07-12',8,25,1,NULL,NULL,'','\r'),(3208,'Angelica Beltran ','10701 Andalusian Ave SW','505-240-0914 ','2018-08-02',2,25,3,26,NULL,'','\r'),(3209,'Cheryl Hernandez ','11204 Andalusian Ave SW','281-736-9361 ','2018-07-12',4,25,1,NULL,NULL,'','\r'),(3210,'Terry Walker ','11101 Andalusian Ave SW','505-377-1170 ','2018-07-12',4,25,1,NULL,NULL,'','\r'),(3211,'Adriana Alvarado ','735 Shire St SW','505-573-6098 ','2018-07-12',4,25,1,NULL,NULL,'','\r'),(3212,'Marcos Ortiz ','731 Shire St SW','505-888-1686 ','2018-07-12',4,25,1,NULL,NULL,'','\r'),(3213,'Joseph Romero Jr. ','727 Shire St SW','505-352-9064 ','2018-07-12',4,25,1,NULL,NULL,'','\r'),(3214,'George Gilliland ','728 Shire St SW','505-831-5305 ','2018-07-12',4,25,1,NULL,NULL,'','\r'),(3215,'Eric Olson ','816 Shire St SW','505-508-5772 ','2018-07-12',4,25,1,NULL,NULL,'','\r'),(3216,'Danny Kelley ','701 Affirmed St SW','505-836-1074 ','2018-08-02',2,25,3,26,NULL,'','\r'),(3217,'Eva Munoz ','705 Affirmed St SW','505-352-2321 ','2018-08-04',4,25,3,27,NULL,'','\r'),(3218,'Bianca Olona ','709 Affirmed St SW','505-839-8266 ','2018-07-12',4,25,1,NULL,NULL,'','\r'),(3219,'Clarabelle Padilla ','723 Affirmed St SW','505-203-9146 ','2018-07-12',4,25,1,NULL,NULL,'','\r'),(3220,'Rene Leningir ','727 Affirmed St SW','505-836-2836 ','2018-07-14',4,25,2,NULL,NULL,'','\r'),(3221,'Vincent Garcia ','805 Affirmed St SW','505-352-7285 ','2018-08-04',2,25,3,27,NULL,'','\r'),(3222,'Gerardo Valdivia ','819 Affirmed St SW','505-550-4751 ','2018-07-12',4,25,1,NULL,NULL,'','\r'),(3223,'Griselda Chavez ','11112 Lipizzan Ave SW','505-836-5955 ','2018-07-12',4,25,1,NULL,NULL,'','\r'),(3224,'Martha Mahboub ','11100 Lipizzan Ave SW','505-554-2674 ','2018-07-12',4,25,1,NULL,NULL,'','\r'),(3225,'Lorraine Garcia ','848 110th St SW','505-836-9546 ','2018-08-04',2,25,3,27,NULL,'','\r'),(3226,'Corina Guevara Trejo ','11005 Hackamore Ave SW','505-833-2752 ','2018-07-14',2,25,2,NULL,3,'','\r'),(3227,'Kenneth Dick ','11116 Hackamore Ave SW','505-352-6569 ','2018-07-12',4,25,1,NULL,NULL,'','\r'),(3228,'Freddy Marquez ','11108 Rackamore Ave SW','505-792-4984 ','2018-08-04',2,25,3,27,NULL,'','\r'),(3229,'Elizabeth Hinojos ','11008 Hackamore Ave SW','505-833-2038 ','2018-08-04',1,25,3,27,NULL,'','\r'),(3230,'Veronica Mead ','11008 Paso Fino Ave SW','505-818-2814 ','2018-08-04',1,25,3,27,NULL,'','\r'),(3231,'Iris Reed ','11004 Paso Fino Ave SW','505-702-7217 ','2018-07-12',4,25,1,NULL,6,'','y'),(3232,'Luz Alcaraz ','11000 Connemara Dr SW',NULL,'2018-06-28',NULL,25,NULL,20,NULL,'','\r'),(3233,'Theresa Samaniego ','11004 Connemara Dr SW',NULL,'2018-06-28',NULL,25,NULL,20,NULL,'','\r'),(3234,'Amanda Herrera ','11008 Connemara Dr SW',NULL,'2018-06-28',NULL,25,NULL,20,NULL,'','\r'),(3235,'Glenda Kenney ','11012 Connemara Dr SW',NULL,'2018-06-28',NULL,25,NULL,20,NULL,'','\r'),(3236,'Tammy Garcia ','11016 Connemara Dr SW',NULL,'2018-06-28',NULL,25,NULL,20,NULL,'','\r'),(3237,'Adryana Montoya ','11100 Connemara Dr SW',NULL,'2018-06-28',NULL,25,NULL,20,NULL,'','\r'),(3238,'Matthew Maestas ','11104 Connemara Dr SW',NULL,'2018-06-28',NULL,25,NULL,20,NULL,'','\r'),(3239,'Stephina Macias ','11108 Connemara Dr SW',NULL,'2018-06-28',NULL,25,NULL,20,NULL,'','\r'),(3240,'James Alaniz ','11112 Connemara Dr SW',NULL,'2018-06-28',NULL,25,NULL,20,NULL,'','\r'),(3241,'Marianne Billy ','10700 Connemara Dr SW',NULL,'2018-06-28',NULL,25,NULL,20,NULL,'','\r'),(3242,'Esperanza Carmona ','10704 Connemara Dr SW',NULL,'2018-06-28',NULL,25,NULL,20,NULL,'','\r'),(3243,'Jason Lange ','801 Tanager Dr SW',NULL,'2018-06-28',NULL,25,NULL,20,NULL,'','\r'),(3244,'Georgette Fresquez ','815 Tanager Dr SW',NULL,'2018-06-28',NULL,25,NULL,20,NULL,'','\r'),(3245,'Juana Gonzalez ','817 Tanager Dr SW',NULL,'2018-06-28',NULL,25,NULL,20,NULL,'','\r'),(3246,'Frankie Saiz ','819 Tanager Dr SW',NULL,'2018-06-28',NULL,25,NULL,20,NULL,'','\r'),(3247,'Mireya Ortiz ','823 Tanager Dr SW',NULL,'2018-06-28',NULL,25,NULL,20,NULL,'','\r'),(3248,'Jerry Padilla ','827 Tanager Dr SW',NULL,'2018-06-28',NULL,25,NULL,20,NULL,'','\r'),(3249,'Daniel Martinez ','831 Tanager Dr SW',NULL,'2018-06-28',NULL,25,NULL,20,NULL,'','\r'),(3250,'Michael Eagle ','833 Tanager Dr SW # Aw',NULL,'2018-06-28',NULL,25,NULL,20,NULL,'','\r'),(3251,'Victoria Mora ','835 Tanager Dr SW',NULL,'2018-06-28',NULL,25,NULL,20,NULL,'','\r'),(3252,'Agnus Chavez ','10704 Andalusian Ave SW',NULL,'2018-06-28',NULL,25,NULL,20,NULL,'','\r'),(3253,'Gabriel Hernandez ','10800 Andalusian Ave SW',NULL,'2018-06-28',NULL,25,NULL,20,NULL,'','\r'),(3254,'Melissa Granillo ','10804 Andalusian Ave SW',NULL,'2018-06-28',NULL,25,NULL,20,NULL,'','\r'),(3255,'Timothy Davis ','10808 Andalusian Ave SW',NULL,'2018-06-28',NULL,25,NULL,20,NULL,'','\r'),(3256,'Antonio Simmons ','11000 Andalusian Ave SW',NULL,'2018-06-28',NULL,25,NULL,20,NULL,'','\r'),(3257,'Maribel Cano ','11004 Andalusian Ave SW',NULL,'2018-06-28',NULL,25,NULL,20,NULL,'','\r'),(3258,'Maria DelGado ','11008 Andalusian Ave SW',NULL,'2018-06-28',NULL,25,NULL,20,NULL,'','\r'),(3259,'Jordain Sundt ','11012 Andalusian Ave SW',NULL,'2018-06-28',NULL,25,NULL,20,NULL,'','\r'),(3260,'Garay Alexander ','11016 Andalusian Ave SW',NULL,'2018-06-28',NULL,25,NULL,20,NULL,'','\r'),(3261,'Earnestine Lewis ','11100 Andalusian Ave SW',NULL,'2018-06-28',NULL,25,NULL,20,NULL,'','\r'),(3262,'Rocio Chairez ','11104 Andalusian Ave SW',NULL,'2018-07-05',NULL,25,NULL,21,NULL,'','\r'),(3263,'Domecindo Griego Jr. ','11108 Andalusian Ave SW',NULL,'2018-07-05',NULL,25,NULL,21,NULL,'','\r'),(3264,'Daisy Lujan ','11112 Andalusian Ave SW',NULL,'2018-07-05',NULL,25,NULL,21,NULL,'','\r'),(3265,'Heidi Monge ','11200 Andalusian Ave SW',NULL,'2018-07-05',NULL,25,NULL,21,NULL,'','\r'),(3266,'Linda Higgins ','11208 Andalusian Ave SW',NULL,'2018-07-05',NULL,25,NULL,21,NULL,'','\r'),(3267,'Catherine Mansell ','11212 Andalusian Ave SW',NULL,'2018-07-05',NULL,25,NULL,21,NULL,'','\r'),(3268,'Niki Vigil ','11216 Andalusian Ave SW',NULL,'2018-07-05',NULL,25,NULL,21,NULL,'','\r'),(3269,'Christa Morales ','11115 Andalusian Ave SW',NULL,'2018-07-05',NULL,25,NULL,21,NULL,'','\r'),(3270,'Jose Escarcega ','11109 Andalusian Ave SW',NULL,'2018-07-05',NULL,25,NULL,21,NULL,'','\r'),(3271,'Marsha Garcia ','11105 Andalusian Ave SW',NULL,'2018-07-05',NULL,25,NULL,21,NULL,'','\r'),(3272,'Gregorio Chavez ','11019 Andalusian Ave SW',NULL,'2018-07-05',NULL,25,NULL,21,NULL,'','\r'),(3273,'Fernando Davila ','11015 Andalusian Ave SW',NULL,'2018-07-05',NULL,25,NULL,21,NULL,'','\r'),(3274,'Ana Enriquez ','11009 Andalusian Ave SW',NULL,'2018-07-05',NULL,25,NULL,21,NULL,'','\r'),(3275,'Carla Ruiz ','11005 Andalusian Ave SW',NULL,'2018-07-05',NULL,25,NULL,21,NULL,'','\r'),(3276,'Mary Florez ','11001 Andalusian Ave SW',NULL,'2018-07-05',NULL,25,NULL,21,NULL,'','\r'),(3277,'John Jemison ','10805 Andalusian Ave SW',NULL,'2018-07-05',NULL,25,NULL,21,NULL,'','\r'),(3278,'Robert Moore ','10801 Andalusian Ave SW',NULL,'2018-07-05',NULL,25,NULL,21,NULL,'','\r'),(3279,'Jesus Nunez ','10705 Andalusian Ave SW',NULL,'2018-07-05',NULL,25,NULL,21,NULL,'','\r'),(3280,'Jay Espinosa ','831 Shire St SW',NULL,'2018-07-05',NULL,25,NULL,21,NULL,'','\r'),(3281,'Sabrina McIlwrath ','827 Shire St SW',NULL,'2018-07-05',NULL,25,NULL,21,NULL,'','\r'),(3282,'Linda Buckner ','823 Shire St SW',NULL,'2018-07-05',NULL,25,NULL,21,NULL,'','\r'),(3283,'Nemecia Lucero ','819 Shire St SW',NULL,'2018-07-05',NULL,25,NULL,21,NULL,'','\r'),(3284,'Alfonso Archuleta Jr. ','815 Shire St SW',NULL,'2018-07-05',NULL,25,NULL,21,NULL,'','\r'),(3285,'Magdalena Fierro ','809 Shire St SW',NULL,'2018-07-05',NULL,25,NULL,21,NULL,'','\r'),(3286,'Kedelty Delavina ','805 Shire St SW',NULL,'2018-07-05',NULL,25,NULL,21,NULL,'','\r'),(3287,'Mike Weebothee ','801 Shire St SW',NULL,'2018-07-05',NULL,25,NULL,21,NULL,'','\r'),(3288,'Karl Salas ','723 Shire St SW',NULL,'2018-07-05',NULL,25,NULL,21,NULL,'','\r'),(3289,'Angelica Cordova ','719 Shire St SW',NULL,'2018-07-05',NULL,25,NULL,21,NULL,'','\r'),(3290,'Manuel Roybal ','715 Shire St SW',NULL,'2018-07-05',NULL,25,NULL,21,NULL,'','\r'),(3291,'Maria Rosales ','709 Shire St SW',NULL,'2018-07-05',NULL,25,NULL,21,NULL,'','\r'),(3292,'Ashley Zarate ','705 Shire St SW',NULL,'2018-07-05',NULL,25,NULL,21,NULL,'','\r'),(3293,'Mike Savedra ','701 Shire St SW',NULL,'2018-07-05',NULL,25,NULL,21,NULL,'','\r'),(3294,'Jeffrey Scott ','700 Shire St SW',NULL,'2018-07-05',NULL,25,NULL,21,NULL,'','\r'),(3295,'Veronica Saavedra ','704 Shire St SW',NULL,'2018-07-05',NULL,25,NULL,21,NULL,'','\r'),(3296,'Terry Lewis ','708 Shire St SW',NULL,'2018-07-05',NULL,25,NULL,21,NULL,'','\r'),(3297,'Jacinda Martinez ','712 Shire St SW',NULL,'2018-07-05',NULL,25,NULL,21,NULL,'','\r'),(3298,'Rosabelle Ludwin ','716 Shire St SW',NULL,'2018-07-05',NULL,25,NULL,21,NULL,'','\r'),(3299,'Miriam Torres ','720 Shire St SW',NULL,'2018-07-05',NULL,25,NULL,21,NULL,'','\r'),(3300,'Maryann Maestas ','724 Shire St SW',NULL,'2018-07-05',NULL,25,NULL,21,NULL,'','\r'),(3301,'Jesse Munoz Jr. ','732 Shire St SW',NULL,'2018-07-05',NULL,25,NULL,21,NULL,'','\r'),(3302,'Sherwood ','800 Shire St SW',NULL,'2018-07-05',NULL,25,NULL,21,NULL,'','\r'),(3303,'James Stripling ','804 Shire St SW',NULL,'2018-07-05',NULL,25,NULL,21,NULL,'','\r'),(3304,'Michael Montoya ','808 Shire St SW',NULL,'2018-07-05',NULL,25,NULL,21,NULL,'','\r'),(3305,'Pauline Valdez ','812 Shire St SW',NULL,'2018-07-05',NULL,25,NULL,21,NULL,'','\r'),(3306,'Julie Berry ','820 Shire St SW',NULL,'2018-07-05',NULL,25,NULL,21,NULL,'','\r'),(3307,'Laurie Chavez ','824 Shire St SW',NULL,'2018-07-05',NULL,25,NULL,21,NULL,'','\r'),(3308,'Tom Otero ','828 Shire St SW',NULL,'2018-07-05',NULL,25,NULL,21,NULL,'','\r'),(3309,'Raymond Sanchez ','832 Shire St SW',NULL,'2018-07-05',NULL,25,NULL,21,NULL,'','\r'),(3310,'Adalberto Rivas Jr. ','715 Affirmed St SW',NULL,'2018-07-05',NULL,25,NULL,21,NULL,'','\r'),(3311,'Melva Lawrence ','719 Affirmed St SW',NULL,'2018-07-05',NULL,25,NULL,21,NULL,'','\r'),(3312,'Mario Flores ','731 Affirmed St SW',NULL,'2018-07-05',NULL,25,NULL,21,NULL,'','\r'),(3313,'Jenny Dix ','735 Affirmed St SW',NULL,'2018-07-05',NULL,25,NULL,21,NULL,'','\r'),(3314,'Daniel Mc Whorter ','801 Affirmed St SW',NULL,'2018-07-05',NULL,25,NULL,21,NULL,'','\r'),(3315,'Latanya Haywood ','809 Affirmed St SW',NULL,'2018-07-05',NULL,25,NULL,21,NULL,'','\r'),(3316,'Richard Padilla ','815 Affirmed St SW',NULL,'2018-07-05',NULL,25,NULL,21,NULL,'','\r'),(3317,'Hector Vidal ','823 Affirmed St SW',NULL,'2018-07-05',NULL,25,NULL,21,NULL,'','\r'),(3318,'John Jensen ','827 Affirmed St SW',NULL,'2018-07-05',NULL,25,NULL,21,NULL,'','\r'),(3319,'Lorraine Northington ','831 Affirmed St SW',NULL,'2018-07-05',NULL,25,NULL,21,NULL,'','\r'),(3320,'Amelia Jaramillo ','835 Affirmed St SW',NULL,'2018-07-05',NULL,25,NULL,21,NULL,'','\r'),(3321,'Janice Swanson ','11001 Lipizzan Ave SW',NULL,'2018-07-05',NULL,25,NULL,21,NULL,'','\r'),(3322,'Brenda Banuelos ','11005 Lipizzan Ave SW',NULL,'2018-08-02',NULL,25,NULL,26,NULL,'','\r'),(3323,'Carl Hunt ','11009 Lipizzan Ave SW',NULL,'2018-08-02',NULL,25,NULL,26,NULL,'','\r'),(3324,'Adam Sanchez ','11015 Lipizzan Ave SW',NULL,'2018-08-02',NULL,25,NULL,26,NULL,'','\r'),(3325,'Adonais Esquibel ','11019 Lipizzan Ave SW',NULL,'2018-08-02',NULL,25,NULL,26,NULL,'','\r'),(3326,'Mark & Racheal Lopez ','11101 Lipizzan Ave SW',NULL,'2018-08-02',NULL,25,NULL,26,NULL,'','\r'),(3327,'Deanna Montoya ','11105 Lipizzan Ave SW',NULL,'2018-08-02',NULL,25,NULL,26,NULL,'','\r'),(3328,'Katrina Popovich ','11109 Lipizzan Ave SW',NULL,'2018-08-02',NULL,25,NULL,26,NULL,'','\r'),(3329,'Joe Muniz ','11115 Lipizzan Ave SW',NULL,'2018-08-02',NULL,25,NULL,26,NULL,'','\r'),(3330,'Ivan Espinoza ','11108 Lipizzan Ave SW',NULL,'2018-08-02',NULL,25,NULL,26,NULL,'','\r'),(3331,'Marcos Ortiz Jr. ','11104 Lipizzan Ave SW',NULL,'2018-08-02',NULL,25,NULL,26,NULL,'','\r'),(3332,'Jose Herrera ','11016 Lipizzan Ave SW',NULL,'2018-08-02',NULL,25,NULL,26,NULL,'','\r'),(3333,'Patricia Eaton ','11012 Lipizzan Ave SW',NULL,'2018-08-02',NULL,25,NULL,26,NULL,'','\r'),(3334,'Monica Washington ','11008 Lipizzan Ave SW',NULL,'2018-08-02',NULL,25,NULL,26,NULL,'','\r'),(3335,'Edgar Leal ','11004 Lipizzan Ave SW',NULL,'2018-08-02',NULL,25,NULL,26,NULL,'','\r'),(3336,'Mario Marquez ','11000 Lipizzan Ave SW',NULL,'2018-08-02',NULL,25,NULL,26,NULL,'','\r'),(3337,'Alberto Gamboa ','800 110th St SW',NULL,'2018-08-02',NULL,25,NULL,26,NULL,'','\r'),(3338,'Naomi Villarreal ','804 110th St SW',NULL,'2018-08-02',NULL,25,NULL,26,NULL,'','\r'),(3339,'Dana Longoria ','808 110th St SW',NULL,'2018-08-02',NULL,25,NULL,26,NULL,'','\r'),(3340,'Reina Sanchez ','812 110th St SW',NULL,'2018-08-02',NULL,25,NULL,26,NULL,'','\r'),(3341,'Margie Castillo ','816 110th St SW',NULL,'2018-08-02',NULL,25,NULL,26,NULL,'','\r'),(3342,'Gilbert Maestas Jr. ','820 110th St SW',NULL,'2018-08-02',NULL,25,NULL,26,NULL,'','\r'),(3343,'Mary Marks ','824 110th St SW',NULL,'2018-08-02',NULL,25,NULL,26,NULL,'','\r'),(3344,'Yolanda Aguilar ','828 110th St SW',NULL,'2018-08-02',NULL,25,NULL,26,NULL,'','\r'),(3345,'Raul Aviles ','832 110th St SW',NULL,'2018-08-02',NULL,25,NULL,26,NULL,'','\r'),(3346,'Alejandro Arvizu ','836 110th St SW',NULL,'2018-08-02',NULL,25,NULL,26,NULL,'','\r'),(3347,'Brenda Shaw ','840 110th St SW',NULL,'2018-08-02',NULL,25,NULL,26,NULL,'','\r'),(3348,'Jackie Davis ','844 110th St SW',NULL,NULL,NULL,25,NULL,NULL,3,'y','\r'),(3349,'Adela Escarcega ','11001 Hackamore Ave SW',NULL,'2018-08-02',NULL,25,NULL,26,NULL,'','\r'),(3350,'Theresa Martinez ','11009 Hackamore Ave SW',NULL,'2018-08-02',NULL,25,NULL,26,NULL,'','\r'),(3351,'Venida Thompson ','11015 Hackamore Ave SW',NULL,'2018-08-04',NULL,25,NULL,27,NULL,'','\r'),(3352,'Elder Bencomo ','11101 Hackamore Ave SW',NULL,'2018-08-04',NULL,25,NULL,27,NULL,'','\r'),(3353,'Chris Detrana','11105 Hackamore Ave SW',NULL,'2018-08-04',NULL,25,NULL,27,NULL,'','\r'),(3354,'Edward Schmidt Sr. ','11109 Hackamore Ave SW',NULL,'2018-08-04',NULL,25,NULL,27,NULL,'','\r'),(3355,'Lawrence Coca ','11115 Hackamore Ave SW',NULL,'2018-08-04',NULL,25,NULL,27,NULL,'','\r'),(3356,'Patrick Stefhon Sr. ','11119 Hackamore Ave SW',NULL,'2018-08-04',NULL,25,NULL,27,NULL,'','\r'),(3357,'Catherine Lacour ','11112 Hackamore Ave SW',NULL,'2018-08-04',NULL,25,NULL,27,NULL,'','\r'),(3358,'Veronica Maldonado ','11104 Hackamore Ave SW',NULL,'2018-08-04',NULL,25,NULL,27,NULL,'','\r'),(3359,'Alma Urbina ','11100 Hackamore Ave SW',NULL,'2018-08-04',NULL,25,NULL,27,NULL,'','\r'),(3360,'Gloria Pitts ','11012 Hackamore Ave SW',NULL,'2018-08-04',NULL,25,NULL,27,NULL,'','\r'),(3361,'Bianca Dale ','11004 Hackamore Ave SW',NULL,'2018-08-04',NULL,25,NULL,27,NULL,'','\r'),(3362,'Judith Berg ','11000 Hackamore Ave SW',NULL,'2018-08-04',NULL,25,NULL,27,NULL,'','\r'),(3363,'Danielle Smiel','11001 Paso Fino Ave SW',NULL,'2018-08-04',NULL,25,NULL,27,NULL,'','\r'),(3364,'Blanca Mercado ','11005 Paso Fino Ave SW',NULL,'2018-08-04',NULL,25,NULL,27,NULL,'','\r'),(3365,'Priscilla Riley ','11009 Paso Fino Ave SW',NULL,'2018-08-04',NULL,25,NULL,27,NULL,'','\r'),(3366,'Ruben Rosales Jr. ','11015 Paso Fino Ave SW',NULL,'2018-08-04',NULL,25,NULL,27,NULL,'','\r'),(3367,'Juan Hernandez ','11019 Paso Fino Ave SW',NULL,'2018-08-04',NULL,25,NULL,27,NULL,'','\r'),(3368,'Bernadette Garcia ','11101 Paso Fino Ave SW',NULL,'2018-08-04',NULL,25,NULL,27,NULL,'','\r'),(3369,'Elizabeth Rangel ','11105 Paso Fino Ave SW',NULL,NULL,NULL,25,NULL,NULL,3,'y','\r'),(3370,'Thomas Sarracino ','11109 Paso Fino Ave SW',NULL,'2018-08-04',NULL,25,NULL,27,NULL,'','\r'),(3371,'Lucy B Ronquillo ','11115 Paso Fino Ave SW',NULL,'2018-08-04',NULL,25,NULL,27,NULL,'','\r'),(3372,'Belinda Stjohn ','11112 Paso Fino Ave SW',NULL,'2018-08-04',NULL,25,NULL,27,NULL,'','\r'),(3373,'Patricia Demarsh ','11108 Paso Fino Ave SW',NULL,'2018-08-04',NULL,25,NULL,27,NULL,'','\r'),(3374,'Juan A Mercado ','11104 Paso Fino Ave SW',NULL,'2018-08-04',NULL,25,NULL,27,NULL,'','\r'),(3375,'Louie Trujillo ','11100 Paso Fino Ave SW',NULL,'2018-08-04',NULL,25,NULL,27,NULL,'','\r'),(3376,'Charisima Sanchez ','11016 Paso Fino Ave SW',NULL,'2018-08-04',NULL,25,NULL,27,NULL,'','\r'),(3377,'Daniel Garcia ','11012 Paso Fino Ave SW',NULL,'2018-08-04',NULL,25,NULL,27,NULL,'','\r'),(3378,'Yvonne Ulibarri ','11000 Paso Fino Ave SW',NULL,NULL,NULL,25,NULL,NULL,3,'y','\r'),(3379,'Elbert Walters ','1800 Valtierra Ct SW ',NULL,'2018-08-05',NULL,26,NULL,28,NULL,'','\r'),(3380,'Earl Garcia ','1804 Valtierra Ct SW ',NULL,'2018-08-05',NULL,26,NULL,28,NULL,'','\r'),(3381,'Rudy Garcia ','1808 Valtierra Ct SW ',NULL,'2018-08-05',NULL,26,NULL,28,NULL,'','\r'),(3382,'Rachel Martinez ','1812 Valtierra Ct SW ','505-315-9860 ','2018-08-02',4,26,1,NULL,NULL,'','\r'),(3383,'Liz Zamora','1816 Valtierra Ct SW ','505-489-5829 ','2018-08-02',4,26,1,NULL,NULL,'','\r'),(3384,'Maria Andujo ','1820 Valtierra Ct SW ',NULL,'2018-08-05',NULL,26,NULL,28,NULL,'','\r'),(3385,'Claudio Miranda ','1824 Valtierra Ct SW ','505-831-5708 ','2018-08-30',2,26,3,31,NULL,'','\r'),(3386,'Tommy Mora Sr. ','1828 Valtierra Ct SW ',NULL,'2018-08-05',NULL,26,NULL,28,NULL,'','\r'),(3387,'Crystal Romero ','1832 Valtierra Ct SW ',NULL,NULL,NULL,26,NULL,NULL,3,'y','\r'),(3388,'Roman Diblet ','1836 Valtierra Ct SW ',NULL,'2018-08-05',NULL,26,NULL,28,NULL,'','\r'),(3389,'Irma Saenz ','1840 Valtierra Ct SW ',NULL,'2018-08-05',NULL,26,NULL,28,NULL,'','\r'),(3390,'Ana Robles ','1844 Valtierra Ct SW ',NULL,'2018-08-05',NULL,26,NULL,28,NULL,'','\r'),(3391,'Elizabeth Torres ','1848 Valtierra Ct SW ',NULL,'2018-08-05',NULL,26,NULL,28,NULL,'','\r'),(3392,'Mollisa Montano ','1852 Valtierra Ct SW ','505-908-4265','2018-08-02',4,26,1,NULL,NULL,'','\r'),(3393,'Christopher Quintana ','10120 Del Rey Rd SW ',NULL,'2018-08-05',NULL,26,NULL,28,NULL,'','\r'),(3394,'Dale Fox ','10116 Del Rey Rd SW ',NULL,'2018-08-05',NULL,26,NULL,28,NULL,'','\r'),(3395,'Rose Herrera ','10112 Del Rey Rd SW ',NULL,'2018-08-05',NULL,26,NULL,28,NULL,'','\r'),(3396,'Jerry Chavez Jr. ','10108 Del Rey Rd SW ',NULL,'2018-08-05',NULL,26,NULL,28,NULL,'','\r'),(3397,'Dorothy Motter ','10016 Del Rey Rd SW ',NULL,'2018-08-05',NULL,26,NULL,28,NULL,'','\r'),(3398,'John Bottijliso ','10012 Del Rey Rd SW ','505-831-4446 ','2018-08-02',4,26,1,NULL,NULL,'','\r'),(3399,'Orolio Roybal ','10008 Del Rey Rd SW ','505-836-5370 ','2018-08-02',4,26,1,NULL,NULL,'','\r'),(3400,'JENNIFER VARGAS','10004 Del Rey Rd SW ','505-261-3346 ',NULL,NULL,26,NULL,NULL,3,'y','\r'),(3401,'Ida Jaquez ','10000 Del Rey Rd SW ','505-831-8963 ','2018-08-30',2,26,3,31,NULL,'','\r'),(3402,'Griselda Bustamante ','9900 Del Rey Rd SW ',NULL,'2018-08-05',NULL,26,NULL,28,NULL,'','\r'),(3403,'Azalea Collins ','1438 Del Rey Pl SW ',NULL,'2018-08-05',NULL,26,NULL,28,NULL,'','\r'),(3404,'Rick Martinez ','1434 Del Rey Pl SW ',NULL,'2018-08-05',NULL,26,NULL,28,NULL,'','\r'),(3405,'Annie Bell-Rahman ','1430 Del Rey Pl SW ',NULL,'2018-08-05',NULL,26,NULL,28,NULL,'','\r'),(3406,'Alejandro Torres-Martinez ','1426 Del Rey Pl SW ',NULL,'2018-08-05',NULL,26,NULL,28,NULL,'','\r'),(3407,'Lisa Trujillo ','1422 Del Rey Pl SW ',NULL,'2018-08-05',NULL,26,NULL,28,NULL,'','\r'),(3408,'Ruth Selfridge ','1420 Del Rey Pl SW ','505-836-0953 ',NULL,NULL,26,NULL,NULL,3,'y','\r'),(3409,'Angela Casaus ','1418 Del Rey Pl SW ',NULL,'2018-08-05',NULL,26,NULL,28,NULL,'','\r'),(3410,'current resident','1416 Del Rey Pl SW ',NULL,'2018-08-05',NULL,26,NULL,28,NULL,'','\r'),(3411,'Josephine Lucero ','1412 Del Rey Pl SW ',NULL,'2018-08-05',NULL,26,NULL,28,NULL,'','\r'),(3412,'Tony Marquez ','1410 Del Rey Pl SW ',NULL,'2018-08-05',NULL,26,NULL,28,NULL,'','\r'),(3413,'Gina Prieskorn-Thomas ','1408 Del Rey Pl SW ',NULL,'2018-08-05',NULL,26,NULL,28,NULL,'','\r'),(3414,'Janeyee Schells ','1406 Del Rey Pl SW ',NULL,'2018-08-05',NULL,26,NULL,28,NULL,'','\r'),(3415,'Teresa Grajeda ','1404 Del Rey Pl SW ',NULL,'2018-08-05',NULL,26,NULL,28,NULL,'','\r'),(3416,'Debra Apodaca ','1402 Del Rey Pl SW ',NULL,'2018-08-05',NULL,26,NULL,28,NULL,'','\r'),(3417,'Stephanie Ortega ','1400 Del Rey Pl SW ',NULL,'2018-08-05',NULL,26,NULL,28,NULL,'','\r'),(3418,'Darlene Quinones ','1427 Del Rey Pl SW ',NULL,'2018-08-05',NULL,26,NULL,28,NULL,'','\r'),(3419,'Eva Rodriguez ','1423 Del Rey Pl SW ',NULL,'2018-08-09',NULL,26,NULL,29,NULL,'','\r'),(3420,'Jason Ortega ','1419 Del Rey Pl SW ',NULL,'2018-08-09',NULL,26,NULL,29,NULL,'','\r'),(3421,'Thresa Devolk ','1413 Del Rey Pl SW ',NULL,'2018-08-09',NULL,26,NULL,29,NULL,'','\r'),(3422,'Nadine Trujillo ','1409 Del Rey Pl SW ',NULL,'2018-08-09',NULL,26,NULL,29,NULL,'','\r'),(3423,'Tony Zamora Jr. ','1405 Del Rey Pl SW ','505-831-9676 ',NULL,NULL,26,NULL,NULL,3,'y','\r'),(3424,'Anthony Bernal ','1800 Tovar Pl SW ',NULL,'2018-08-09',NULL,26,NULL,29,NULL,'','\r'),(3425,'Shane Blanchard ','1808 Tovar Pl SW ','505-720-8655 ','2018-08-02',4,26,1,NULL,NULL,'','\r'),(3426,'Gene Romero ','1816 Tovar Pl SW ',NULL,'2018-08-09',NULL,26,NULL,29,NULL,'','\r'),(3427,'Cassandra Larribas','1820 Tovar Pl SW ',NULL,'2018-08-09',NULL,26,NULL,29,NULL,'','\r'),(3428,'Louie Pino ','1822 Tovar Pl SW ','505-831-6044 ','2018-08-02',4,26,1,NULL,NULL,'','\r'),(3429,'Luz Sotelo ','1824 Tovar Pl SW ',NULL,'2018-08-09',NULL,26,NULL,29,NULL,'','\r'),(3430,'Robert Ortega ','1826 Tovar Pl SW ',NULL,'2018-08-09',NULL,26,NULL,29,NULL,'','\r'),(3431,'PATRICK LANEY','1828 Tovar Pl SW ',NULL,'2018-08-09',NULL,26,NULL,29,NULL,'','\r'),(3432,'Berenice Mora ','1830 Tovar Pl SW ',NULL,'2018-08-30',NULL,26,NULL,31,NULL,'','\r'),(3433,'Clorinda Vigil ','1832 Tovar Pl SW ',NULL,'2018-08-30',NULL,26,NULL,31,NULL,'','\r'),(3434,'Rudy Montoya ','1834 Tovar Pl SW ','505-831-6471 ',NULL,NULL,26,NULL,NULL,3,'y','\r'),(3435,'Anna Nevarez ','1836 Tovar Pl SW ',NULL,'2018-08-30',NULL,26,NULL,31,NULL,'','\r'),(3436,'Robert Winans ','1838 Tovar Pl SW ',NULL,'2018-08-30',NULL,26,NULL,31,NULL,'','\r'),(3437,'Kaffer Carlyon ','1842 Tovar Pl SW ',NULL,'2018-08-30',NULL,26,NULL,31,NULL,'','\r'),(3438,'Reydecel Varela ','1846 Tovar Pl SW ',NULL,'2018-08-30',NULL,26,NULL,31,NULL,'','\r'),(3439,'Linda Medlock ','1850 Tovar Pl SW ','505-836-4898 ','2018-08-30',4,26,3,31,NULL,'','\r'),(3440,'Gloria Zellner ','1852 Tovar Pl SW ',NULL,'2018-08-30',NULL,26,NULL,31,NULL,'','\r'),(3441,'Antonia Jaramillo ','1854 Tovar Pl SW ',NULL,'2018-08-30',NULL,26,NULL,31,NULL,'','\r'),(3442,'Donna Cole ','1856 Tovar Pl SW ',NULL,'2018-08-30',NULL,26,NULL,31,NULL,'','\r'),(3443,'JOSEPH ALDERETE                       ','1858 Tovar Pl SW ',NULL,'2018-08-30',NULL,26,NULL,31,NULL,'','\r'),(3444,'Esmeralda Baca ','1860 Tovar Pl SW ',NULL,'2018-08-30',NULL,26,NULL,31,NULL,'','\r'),(3445,'GILBERTO QUEZADA','1864 Tovar Pl SW ',NULL,'2018-08-30',NULL,26,NULL,31,NULL,'','\r'),(3446,'Mireya Vasquez ','1873 Tovar Pl SW ','505-831-3408 ','2018-08-30',2,26,3,31,NULL,'','\r'),(3447,'Tamara Lowe ','1869 Tovar Pl SW ',NULL,'2018-08-30',NULL,26,NULL,31,NULL,'','\r'),(3448,'Antonio Fernandez Sr. ','1865 Tovar Pl SW ',NULL,'2018-08-30',NULL,26,NULL,31,NULL,'','\r'),(3449,'Regina Moline ','1861 Tovar Pl SW ',NULL,'2018-08-30',NULL,26,NULL,31,NULL,'','\r'),(3450,'Pedro Pinedo ','1857 Tovar Pl SW ','505-831-1433 ','2018-08-30',2,26,3,31,NULL,'','\r'),(3451,'Gregorio Sandoval ','1853 Tovar Pl SW ',NULL,'2018-08-30',NULL,26,NULL,31,NULL,'','\r'),(3452,'ANNETTE FUENTES','1849 Tovar Pl SW ','505-934-7752 ','2018-08-02',4,26,1,NULL,NULL,'','\r'),(3453,'Harry Ulmer III ','1845 Tovar Pl SW ',NULL,'2018-08-30',NULL,26,NULL,31,NULL,'','\r'),(3454,'Lee Martinez ','1841 Tovar Pl SW ',NULL,'2018-08-30',NULL,26,NULL,31,NULL,'','\r'),(3455,'Monica Otero ','1837 Tovar Pl SW ',NULL,'2018-08-30',NULL,26,NULL,31,NULL,'','\r'),(3456,'LEONELLA TREVINO','1833 Tovar Pl SW ',NULL,'2018-08-30',NULL,26,NULL,31,NULL,'','\r'),(3457,'Dina Rios ','1829 Tovar Pl SW ','505-836-1452 ','2018-08-30',1,26,3,31,NULL,'','\r'),(3458,'Joey Castillo ','1825 Tovar Pl SW ',NULL,'2018-08-30',NULL,26,NULL,31,NULL,'','\r'),(3459,'Tracy Eldridge ','1821 Tovar Pl SW ',NULL,'2018-08-30',NULL,26,NULL,31,NULL,'','\r'),(3460,'Santiago Samora ','1817 Tovar Pl SW ','505-836-1924 ','2018-08-02',8,26,1,NULL,NULL,'','\r'),(3461,'Lorenzo Torres Jr. ','1813 Tovar Pl SW ','505-836-2106 ','2018-08-02',4,26,1,NULL,NULL,'','\r'),(3462,'Maricruz Canales-Sosa ','1809 Tovar Pl SW ',NULL,'2018-08-30',NULL,26,NULL,31,NULL,'','\r'),(3463,'Leslie Benefield ','1805 Tovar Pl SW ',NULL,'2018-08-30',NULL,26,NULL,31,NULL,'','\r'),(3464,'Maria Solis ','1801 Tovar Pl SW ',NULL,'2018-08-30',NULL,26,NULL,31,NULL,'','\r'),(3506,'Jose Gallegos','10623 Jenaro St SW',NULL,'2018-08-26',NULL,27,NULL,30,NULL,'','\r'),(3507,'Elsie Childers','10619 Jenaro St SW',NULL,'2018-08-26',NULL,27,NULL,30,NULL,'','\r'),(3508,'Dorothy Trujillo','10613 Jenaro St SW',NULL,'2018-08-26',NULL,27,NULL,30,NULL,'','\r'),(3509,'Raul Corona','10607 Jenaro St SW',NULL,'2018-08-26',NULL,27,NULL,30,NULL,'','\r'),(3510,'Emily Garcia','10601 Jenaro St SW',NULL,'2018-08-26',NULL,27,NULL,30,NULL,'','\r'),(3511,'Armando Reyes','10523 Jenaro St SW',NULL,'2018-08-26',NULL,27,NULL,30,NULL,'','\r'),(3512,'Ruth Aragon','10519 Jenaro St SW',NULL,'2018-08-26',NULL,27,NULL,30,NULL,'','\r'),(3513,'Phillip Lovato','10513 Jenaro St SW','505-831-6892','2018-08-02',4,27,1,NULL,NULL,'','\r'),(3514,'PAULINE PETTERSON ','10507 Jenaro St SW','505-831-7370','2018-08-26',2,27,3,30,NULL,'','\r'),(3515,'Sherry Gonzales','10501 Jenaro St SW','505-515-7180','2018-08-02',4,27,1,NULL,NULL,'','\r'),(3516,'Israel Morales Jr.','10502 Jenaro St SW','505-831-5436','2018-08-02',4,27,1,NULL,NULL,'','\r'),(3517,'Jarrett Barboa','10514 Jenaro St SW',NULL,'2018-08-26',NULL,27,NULL,30,NULL,'','\r'),(3518,'Paula Garvin','10524 Jenaro St SW',NULL,'2018-08-26',NULL,27,NULL,30,NULL,'','\r'),(3519,'Jason Chee','10602 Jenaro St SW',NULL,'2018-08-26',NULL,27,NULL,30,NULL,'','\r'),(3520,'Vincent Earl','10608 Jenaro St SW',NULL,'2018-08-26',NULL,27,NULL,30,NULL,'','\r'),(3521,'Daniel Freeland','10614 Jenaro St SW',NULL,'2018-08-26',NULL,27,NULL,30,NULL,'','\r'),(3522,'Eliza Lovato','10620 Jenaro St SW',NULL,'2018-08-26',NULL,27,NULL,30,NULL,'','\r'),(3523,'Erica Ruiz','10624 Jenaro St SW',NULL,'2018-08-26',NULL,27,NULL,30,NULL,'','\r'),(3524,'Willie Cruz','10300 Jenaro St SW',NULL,'2018-08-26',NULL,27,NULL,30,NULL,'','\r'),(3525,'OCTAVIO SOLIS','10201 Jenaro St SW',NULL,'2018-08-26',NULL,27,NULL,30,NULL,'','\r'),(3526,'Stephanie Hernandez','10207 Jenaro St SW',NULL,'2018-08-26',NULL,27,NULL,30,NULL,'','\r'),(3527,'Stella Garza','10211 Jenaro St SW',NULL,'2018-08-26',NULL,27,NULL,30,NULL,'','\r'),(3528,'Dennis Sandoval','10301 Jenaro St SW',NULL,'2018-08-26',NULL,27,NULL,30,NULL,'','\r'),(3529,'Sarah Manzanares','10309 Jenaro St SW','505-831-6265',NULL,NULL,27,NULL,NULL,3,'y','\r'),(3530,'Guillermo Ramirez','10317 Jenaro St SW',NULL,'2018-08-26',NULL,27,NULL,30,6,'','y'),(3531,'SIRI DATARÂ  Cizek','10323 Jenaro St SW','505-831-5901','2018-08-09',4,27,2,NULL,NULL,'','\r'),(3532,'Anthony Otero','10401 Jenaro Ct SW',NULL,'2018-08-26',NULL,27,NULL,30,NULL,'','\r'),(3533,'Donald Montoya','10407 Jenaro Ct SW',NULL,'2018-08-26',NULL,27,NULL,30,NULL,'','\r'),(3534,'Bryan Gallegos','10413 Jenaro Ct SW',NULL,'2018-08-26',NULL,27,NULL,30,NULL,'','\r'),(3535,'Pablo Marquez','10419 Jenaro Ct SW','505-620-7735','2018-08-09',4,27,2,NULL,NULL,'','\r'),(3536,'Annette Gallegos','10423 Jenaro Ct SW',NULL,'2018-08-26',NULL,27,NULL,30,NULL,'','\r'),(3537,'Michiko Pierce','10602 Castillo St SW','505-831-9573','2018-08-02',4,27,1,NULL,NULL,'','\r'),(3538,'Richard Sanderville 3rd','10610 Castillo St SW','505-836-5538','2018-08-09',NULL,27,1,NULL,3,'','\r'),(3539,'Loren Brown','10614 Castillo St SW','505-831-4815','2018-08-16',4,27,2,NULL,NULL,'','\r'),(3540,'Shannon Eades','10620 Castillo St SW',NULL,'2018-08-26',NULL,27,NULL,30,NULL,'','\r'),(3541,'Olivia Chavez','10624 Castillo St SW',NULL,'2018-08-26',NULL,27,NULL,30,NULL,'','\r'),(3542,'Natalie Trujillo','10623 Castillo St SW',NULL,'2018-08-26',NULL,27,NULL,30,NULL,'','\r'),(3543,'Renee Serna','10619 Castillo St SW','505-319-3960','2018-08-30',2,27,3,32,NULL,'','\r'),(3544,'Thomas Matlock','10613 Castillo St SW',NULL,'2018-08-26',NULL,27,NULL,30,NULL,'','\r'),(3545,'Leonardo Ramirez-Esparza','10609 Castillo St SW',NULL,'2018-08-26',NULL,27,NULL,30,NULL,'','\r'),(3546,'DENNIS & GINA  CORDOVA','10605 Castillo St SW','505-440-1827','2018-08-09',4,27,1,NULL,NULL,'','\r'),(3547,'Linda Sprunk','10606 Rafael Rd SW',NULL,'2018-08-26',NULL,27,NULL,30,NULL,'','\r'),(3548,'Guadalupe Lopez','10602 Rafael Rd SW','505-831-9492','2018-08-09',4,27,1,NULL,NULL,'','\r'),(3549,'Alicia Esparza','10508 Rafael Rd SW','505-203-6095','2018-08-30',2,27,3,32,NULL,'','\r'),(3550,'Jesus Moroyoqui','10504 Rafael Rd SW',NULL,'2018-08-26',NULL,27,NULL,30,NULL,'','\r'),(3551,'Lorenzo Lucero','10500 Rafael Rd SW','505-702-6149','2018-08-09',4,27,1,NULL,NULL,'','\r'),(3552,'Charlotte Cody','10412 Rafael Rd SW',NULL,NULL,NULL,27,NULL,NULL,3,'y','\r'),(3553,'Rosa Ramirez','10408 Rafael Rd SW',NULL,'2018-08-26',NULL,27,NULL,30,NULL,'','\r'),(3554,'Robert Chacon','10404 Rafael Rd SW','505-839-9480','2018-08-16',4,27,2,NULL,NULL,'','\r'),(3555,'Bobbie Christopher','10400 Rafael Rd SW',NULL,'2018-08-26',NULL,27,NULL,30,NULL,'','\r'),(3556,'Joshua Garza','10318 Rafael Rd SW',NULL,'2018-08-26',NULL,27,NULL,30,NULL,'','\r'),(3557,'Michael Graham II','10314 Rafael Rd SW',NULL,'2018-08-26',NULL,27,NULL,30,NULL,'','\r'),(3558,'Kevin Weisent','10310 Rafael Rd SW','505-319-2456','2018-08-09',4,27,1,NULL,NULL,'','\r'),(3559,'Michaela Soto','10306 Rafael Rd SW',NULL,NULL,NULL,27,NULL,NULL,3,'y','\r'),(3560,'C Martinez','10302 Rafael Rd SW',NULL,'2018-08-26',NULL,27,NULL,30,NULL,'','\r'),(3561,'Evonne Crespin','10301 Rafael Rd SW','505-261-1523','2018-08-09',4,27,1,NULL,NULL,'','\r'),(3562,'Susan Zabel','10309 Rafael Rd SW',NULL,'2018-08-26',NULL,27,NULL,30,NULL,'','\r'),(3563,'Neil Moseley','10509 Rafael Rd SW',NULL,'2018-08-26',NULL,27,NULL,30,NULL,'','\r'),(3564,'Mary Moya','10607 Rafael Rd SW',NULL,'2018-08-26',NULL,27,NULL,30,NULL,'','\r'),(3565,'Joanna Chavez','10613 Rafael Rd SW',NULL,'2018-08-30',NULL,27,NULL,32,NULL,'','\r'),(3566,'Richard Sprunk','10619 Rafael Rd SW',NULL,'2018-08-30',NULL,27,NULL,32,NULL,'','\r'),(3567,'Edward Armijo','10623 Rafael Rd SW','505-836-8680','2018-08-09',4,27,1,NULL,NULL,'','\r'),(3568,'Henry Bustamante ','10323 Cornelia Ct SW ','505-831-9297','2018-08-09',4,27,1,NULL,NULL,'','\r'),(3569,'Leysi Lerma ','10321 Cornelia Ct SW',NULL,'2018-08-30',NULL,27,NULL,32,NULL,'','\r'),(3570,'Jeanette Morales','10319 Cornelia Ct SW',NULL,NULL,NULL,27,NULL,NULL,3,'y','\r'),(3571,'Victoria Trujillo','10317 Cornelia Ct SW',NULL,'2018-08-30',NULL,27,NULL,32,NULL,'','\r'),(3572,'Margaret Kloss','10313 Cornelia Ct SW',NULL,'2018-08-30',NULL,27,NULL,32,NULL,'','\r'),(3573,'Margaret Aragon','10311 Cornelia Ct SW',NULL,'2018-08-30',NULL,27,NULL,32,NULL,'','\r'),(3574,'Vicente Abbygail','10309 Cornelia Ct SW',NULL,'2018-08-30',NULL,27,NULL,32,NULL,'','\r'),(3575,'Eliz Gguilar','10307 Cornelia Ct SW',NULL,'2018-08-30',NULL,27,NULL,32,NULL,'','\r'),(3576,'Faustino Lovato','10305 Cornelia Ct SW',NULL,'2018-08-30',NULL,27,NULL,32,NULL,'','\r'),(3577,'Louie Silva','10303 Cornelia Ct SW',NULL,'2018-08-30',NULL,27,NULL,32,NULL,'','\r'),(3578,'Carlos Salazar III','10301 Cornelia Ct SW','505-352-2255','2018-08-09',4,27,1,NULL,NULL,'','\r'),(3579,'Martinez Jacobe','10302 Cornelia Ct SW',NULL,'2018-08-30',NULL,27,NULL,32,NULL,'','\r'),(3580,'Steven Montoya','10304 Cornelia Ct SW',NULL,'2018-08-30',NULL,27,NULL,32,NULL,'','\r'),(3581,'Francisco Acevedo Jr.','10306 Cornelia Ct SW',NULL,'2018-08-30',NULL,27,NULL,32,NULL,'','\r'),(3582,'Javier Urrutia','10310 Cornelia Ct SW',NULL,'2018-08-30',NULL,27,NULL,32,NULL,'','\r'),(3583,'Miguel Gonzalez','10312 Cornelia Ct SW','505-243-6485','2018-08-09',4,27,1,NULL,NULL,'','\r'),(3584,'Eleazar Trevizo','10316 Cornelia Ct SW',NULL,'2018-08-30',NULL,27,NULL,32,NULL,'','\r'),(3585,'Sonia Gonzalez','10320 Cornelia Ct SW','505-907-6511','2018-08-09',4,27,1,NULL,NULL,'','\r'),(3586,'Donald Altamirano','10322 Cornelia Ct SW',NULL,'2018-08-30',NULL,27,NULL,32,NULL,'','\r'),(3587,'Tausha Cordova','10400 Cornelia Ct SW',NULL,'2018-08-30',NULL,27,NULL,32,NULL,'','\r'),(3588,'Rebecca Valenzuela','10404 Cornelia Ct SW',NULL,'2018-08-30',NULL,27,NULL,32,NULL,'','\r'),(3589,'Alfred Larranaga','10408 Cornelia Ct SW',NULL,'2018-08-30',NULL,27,NULL,32,NULL,'','\r'),(3590,'Thomas Jawanda','10412 Cornelia Ct SW',NULL,'2018-08-30',NULL,27,NULL,32,NULL,'','\r'),(3591,'Mark Lucero','10323 Catalina Ct SW','505-352-7182','2018-08-30',2,27,3,32,NULL,'','\r'),(3592,'Tina Archuleta','10321 Catalina Ct SW',NULL,'2018-08-30',NULL,27,NULL,32,NULL,'','\r'),(3593,'Samantha Herrera','10319 Catalina Ct SW',NULL,'2018-08-30',NULL,27,NULL,32,NULL,'','\r'),(3594,'Edgar Quezada','10317 Catalina Ct SW',NULL,'2018-08-30',NULL,27,NULL,32,NULL,'','\r'),(3595,'Edmundo Barraza','10313 Catalina Ct SW',NULL,'2018-08-30',NULL,27,NULL,32,NULL,'','\r'),(3596,'Davin Teague','10309 Catalina Ct SW',NULL,'2018-08-30',NULL,27,NULL,32,NULL,'','\r'),(3597,'Evangeline Kosinski','10305 Catalina Ct SW',NULL,'2018-08-30',NULL,27,NULL,32,NULL,'','\r'),(3598,'GUZMAN ANER GERONIMO','10303 Catalina Ct SW','505-314-6148','2018-08-09',4,27,1,NULL,NULL,'','\r'),(3599,'George Montoya','10301 Catalina Ct SW','505-831-9354','2018-08-30',2,27,3,32,NULL,'','\r'),(3600,'Gloria Marroquin','10310 Catalina Ct SW',NULL,'2018-08-30',NULL,27,NULL,32,NULL,'','\r'),(3601,'Denise Tapia','10318 Catalina Ct SW',NULL,'2018-08-30',NULL,27,NULL,32,NULL,'','\r'),(3602,'Dorothy Lee','10320 Catalina Ct SW',NULL,'2018-08-30',NULL,27,NULL,32,NULL,'','\r'),(3603,'Villegas Dominque','10322 Catalina Ct SW',NULL,'2018-08-30',NULL,27,NULL,32,NULL,'','\r'),(3604,'Karina Iniguez','10324 Catalina Ct SW',NULL,'2018-08-30',NULL,27,NULL,32,NULL,'','\r'),(3605,'John Church','1223 Mariano Trl SW',NULL,'2018-08-30',NULL,27,NULL,32,NULL,'','\r'),(3606,'Roy Flanders','1219 Mariano Trl SW',NULL,'2018-08-30',NULL,27,NULL,32,NULL,'','\r'),(3607,'Emilio Wences','1213 Mariano Trl SW',NULL,'2018-08-30',NULL,27,NULL,32,NULL,'','\r'),(3608,'Jose Bencomo','1209 Mariano Trl SW',NULL,'2018-08-30',NULL,27,NULL,32,NULL,'','\r'),(3609,'Samuel Meza','1205 Mariano Trl SW',NULL,'2018-08-30',NULL,27,NULL,32,NULL,'','\r'),(3610,'Octavio Rodriguez Jr.','1100 Mariano Trl SW',NULL,NULL,NULL,27,NULL,NULL,3,'y','\r'),(3611,'Mario Saiz','1106 Mariano Trl SW',NULL,'2018-09-08',NULL,27,NULL,33,NULL,'','\r'),(3612,'Imelda Vasquez','1110 Mariano Trl SW',NULL,'2018-09-08',NULL,27,NULL,33,NULL,'','\r'),(3613,'Roberto Rodriguez','1114 Mariano Trl SW',NULL,'2018-09-08',NULL,27,NULL,33,NULL,'','\r'),(3614,'Victor Montes','1118 Mariano Trl SW',NULL,'2018-09-08',NULL,27,NULL,33,NULL,'','\r'),(3615,'Cynthia Davis','1122 Mariano Trl SW',NULL,'2018-09-08',NULL,27,NULL,33,NULL,'','\r'),(3616,'SANCHEZ JOSEPH R ','1126 Mariano Trl SW','505-203-9179','2018-08-09',4,27,1,NULL,NULL,'','\r'),(3617,'Michelle Ungaro','1130 Mariano Trl SW',NULL,'2018-09-08',NULL,27,NULL,33,NULL,'','\r'),(3618,'Isabella Toledo','1136 Mariano Trl SW',NULL,'2018-09-08',NULL,27,NULL,33,NULL,'','\r'),(3619,'Milton Gentry Jr.','10213 De Trevis St SW',NULL,'2018-09-08',NULL,27,NULL,33,NULL,'','\r'),(3620,'Eloy Trujillo','10209 De Trevis St SW',NULL,'2018-09-08',NULL,27,NULL,33,NULL,'','\r'),(3621,'Santiago Contreras','10205 De Trevis St SW',NULL,'2018-09-08',NULL,27,NULL,33,NULL,'','\r'),(3622,'MORENO CARLOS','10201 De Trevis St SW',NULL,'2018-09-08',NULL,27,NULL,33,NULL,'','\r'),(3623,'Deanna Valenzuela','10200 De Trevis St SW',NULL,'2018-09-08',NULL,27,NULL,33,NULL,'','\r'),(3624,'Candie Peoples','10204 De Trevis St SW',NULL,'2018-09-08',NULL,27,NULL,33,NULL,'','\r'),(3625,'Lanita Tarr','10208 De Trevis St SW',NULL,'2018-09-08',NULL,27,NULL,33,NULL,'','\r'),(3626,'Rebecca Sanchez','10212 De Trevis St SW','505-836-1123','2018-08-09',4,27,1,NULL,NULL,'','\r'),(3627,'Rita Wood','10216 De Trevis St SW','580-765-0923','2018-08-09',4,27,1,NULL,NULL,'','\r'),(3628,'Victor Alvidrez Jr.','1202 Mariano Trl SW',NULL,'2018-09-08',NULL,27,NULL,33,NULL,'','\r'),(3629,'Raymond Sanchez','1206 Mariano Trl SW','505-836-9647','2018-08-09',4,27,1,NULL,NULL,'','\r'),(3630,'Veronica Ramirez','1210 Mariano Trl SW',NULL,'2018-09-08',NULL,27,NULL,33,NULL,'','\r'),(3631,'Lillian Aragon','1214 Mariano Trl SW',NULL,'2018-09-08',NULL,27,NULL,33,NULL,'','\r'),(3632,'Pete Barajas','1218 Mariano Trl SW','505-831-3587','2018-08-09',4,27,1,NULL,NULL,'','\r'),(3633,'Andrew Sanchez Sr.','1222 Mariano Trl SW',NULL,'2018-09-08',NULL,27,NULL,33,NULL,'','\r'),(3634,'Arturo Loya','10311 Benavides Rd SW',NULL,'2018-09-08',NULL,27,NULL,33,NULL,'','\r'),(3635,'Lydia Arevalo','10307 Benavides Rd SW',NULL,'2018-09-08',NULL,27,NULL,33,NULL,'','\r'),(3636,'Joseph Prieto','10305 Benavides Rd SW',NULL,'2018-09-08',NULL,27,NULL,33,NULL,'','\r'),(3637,'Christine Sanchez','10303 Benavides Rd SW',NULL,'2018-09-08',NULL,27,NULL,33,NULL,'','\r'),(3638,'Sullivan Phelan','10301 Benavides Rd SW',NULL,'2018-09-08',NULL,27,NULL,33,NULL,'','\r'),(3639,'Jaime Garcia','10213 Benavides Rd SW',NULL,NULL,NULL,27,NULL,NULL,3,'y','\r'),(3640,'Manuel Cota','10209 Benavides Rd SW',NULL,'2018-09-08',NULL,27,NULL,33,NULL,'','\r'),(3641,'Alicia Campbell','10205 Benavides Rd SW',NULL,'2018-09-08',NULL,27,NULL,33,NULL,'','\r'),(3642,'Dinora Sanchez','10201 Benavides Rd SW',NULL,'2018-09-08',NULL,27,NULL,33,NULL,'','\r'),(3643,'Blanca Ramirez','1137 Del Mastro Dr SW',NULL,'2018-09-08',NULL,27,NULL,33,NULL,'','\r'),(3644,'Maria Saenz','1133 Del Mastro Dr SW',NULL,'2018-09-08',NULL,27,NULL,33,NULL,'','\r'),(3645,'Donald Chavez','1129 Del Mastro Dr SW',NULL,'2018-09-08',NULL,27,NULL,33,NULL,'','\r'),(3646,'Jim Cooper','1125 Del Mastro Dr SW',NULL,'2018-09-08',NULL,27,NULL,33,NULL,'','\r'),(3647,'Grace Navarro','1121 Del Mastro Dr SW','505-315-8177','2018-09-08',1,27,3,33,NULL,'','\r'),(3648,'Ailyn Armendariz','1117 Del Mastro Dr SW','505-203-6250','2018-09-08',2,27,3,33,NULL,'','\r'),(3649,'Alarcon Maressa','1113 Del Mastro Dr SW',NULL,'2018-09-08',NULL,27,NULL,33,NULL,'','\r'),(3650,'Silvia Estrada','1109 Del Mastro Dr SW',NULL,'2018-09-08',NULL,27,NULL,33,NULL,'','\r'),(3651,'Yvette Wise','1528 Kimela Dr SW',NULL,'2018-09-08',NULL,28,NULL,34,NULL,'',''),(3652,'Stephen Gassner','1500 Brian Ave SW',NULL,'2018-09-08',NULL,28,NULL,34,NULL,'',''),(3653,'Ernesto Hernandez Jr.','1504 Brian Ave SW','505-831-4790','2018-08-09',4,28,1,NULL,NULL,'',''),(3654,'Abinadi Vizcaino','1508 Brian Ave SW','505-839-0885','2018-08-09',4,28,1,NULL,NULL,'',''),(3655,'Stephanie Sanchez','1512 Brian Ave SW',NULL,'2018-09-08',NULL,28,NULL,34,NULL,'',''),(3656,'Jacqueline Waquie','1516 Brian Ave SW',NULL,'2018-09-08',NULL,28,NULL,34,NULL,'',''),(3657,'Madelyn Padilla','1520 Brian Ave SW',NULL,'2018-09-08',NULL,28,NULL,34,NULL,'',''),(3658,'Jeffrey Sparr','1524 Brian Ave SW',NULL,'2018-09-08',NULL,28,NULL,34,NULL,'',''),(3659,'Michael Archuleta','1528 Brian Ave SW',NULL,'2018-09-08',NULL,28,NULL,34,NULL,'',''),(3660,'Esther Vialpando','1532 Brian Ave SW','505-315-8111','2018-08-16',4,28,2,NULL,NULL,'',''),(3661,'Maria Sanchez','1536 Brian Ave SW',NULL,'2018-09-08',NULL,28,NULL,34,NULL,'',''),(3662,'Donna Padilla','1600 Brian Ave SW','505-836-5952',NULL,NULL,28,NULL,NULL,3,'y',''),(3663,'Ramon Elias','1604 Brian Ave SW',NULL,'2018-09-08',NULL,28,NULL,34,NULL,'',''),(3664,'Anthony Ybarra','1608 Brian Ave SW','505-489-4174','2018-09-08',2,28,3,34,NULL,'',''),(3665,'Katrina Fuller','1612 Brian Ave SW',NULL,'2018-09-08',NULL,28,NULL,34,NULL,'',''),(3666,'MARTHA  ROMERO','1616 Brian Ave SW','505-450-4105','2018-08-09',4,28,1,NULL,NULL,'',''),(3667,'Matias Rechy','8400 Brian Ct SW',NULL,'2018-09-08',NULL,28,NULL,34,NULL,'',''),(3668,'Oscar Bustillos','8404 Brian Ct SW',NULL,'2018-09-08',NULL,28,NULL,34,NULL,'',''),(3669,'Pacheco Lucero','8408 Brian Ct SW',NULL,'2018-09-08',NULL,28,NULL,34,NULL,'',''),(3670,'Leah Rosales','8409 Brian Ct SW',NULL,'2018-09-08',NULL,28,NULL,34,NULL,'',''),(3671,'Guadalupe Diaz','8405 Brian Ct SW',NULL,'2018-09-08',NULL,28,NULL,34,NULL,'',''),(3672,'Reyes Tarin','8401 Brian Ct SW',NULL,'2018-09-08',NULL,28,NULL,34,NULL,'',''),(3673,'Glenn Schoonover','1527 Brian Ave SW','505-836-4587','2018-08-16',4,28,1,NULL,NULL,'',''),(3674,'Verena Nez','8401 Camino San Martin SW',NULL,'2018-09-08',NULL,28,NULL,34,NULL,'',''),(3675,'Arely Yanez','8405 Camino San Martin SW',NULL,'2018-09-08',NULL,28,NULL,34,NULL,'',''),(3676,'Maria Arreola','8409 Camino San Martin SW',NULL,'2018-09-08',NULL,28,NULL,34,NULL,'',''),(3677,'Ricky Moya','8413 Camino San Martin SW','505-833-1376','2018-08-16',4,28,1,NULL,NULL,'',''),(3678,'Bianca Varela','8501 Camino San Martin SW',NULL,'2018-09-08',NULL,28,NULL,34,NULL,'',''),(3679,'Elmer Marquez','8505 Camino San Martin SW',NULL,'2018-09-08',NULL,28,NULL,34,NULL,'',''),(3680,'Barbara Remondini','8509 Camino San Martin SW',NULL,'2018-09-08',NULL,28,NULL,34,NULL,'',''),(3681,'Arthur Perches Jr.','8513 Camino San Martin SW',NULL,'2018-09-08',NULL,28,NULL,34,NULL,'',''),(3682,'Maurice Valdez','8601 Camino San Martin SW',NULL,'2018-09-08',NULL,28,NULL,34,NULL,'',''),(3683,'Scott Harrison','1500 Joanne Ct SW','505-720-9585','2018-09-08',1,28,3,34,6,'','y'),(3684,'Rand Gilbert','1510 Joanne Ct SW','505-831-4874','2018-09-08',1,28,3,34,NULL,'',''),(3685,'Santiago Mascarenas','1516 Joanne Ct SW','505-831-5042','2018-09-08',2,28,3,34,NULL,'',''),(3686,'Mary Rios','1520 Joanne Ct SW',NULL,'2018-09-08',NULL,28,NULL,34,NULL,'',''),(3687,'Kathy Montano','1524 Joanne Ct SW',NULL,'2018-09-08',NULL,28,NULL,34,NULL,'',''),(3688,'Herlinda Lopez','1528 Joanne Ct SW','505-836-7037','2018-08-30',4,28,2,NULL,NULL,'',''),(3689,'Carla Bermudez','1529 Joanne Ct SW',NULL,NULL,NULL,28,NULL,NULL,3,'y',''),(3690,'Hector Lopez','1525 Joanne Ct SW',NULL,NULL,NULL,28,NULL,NULL,3,'y',''),(3691,'Melissa Suina','1521 Joanne Ct SW',NULL,'2018-09-08',NULL,28,NULL,34,NULL,'',''),(3692,'Maria Alaniz','1517 Joanne Ct SW',NULL,'2018-09-08',NULL,28,NULL,34,NULL,'',''),(3693,'Dorothy Gallegos','1513 Joanne Ct SW',NULL,'2018-09-08',NULL,28,NULL,34,NULL,'',''),(3694,'Joseph Smith','1509 Joanne Ct SW',NULL,'2018-09-08',NULL,28,NULL,34,NULL,'',''),(3695,'Miguel Garcia','1505 Joanne Ct SW',NULL,'2018-09-08',NULL,28,NULL,34,NULL,'',''),(3696,'Yvonne Hults','1501 Joanne Ct SW',NULL,'2018-09-08',NULL,28,NULL,34,NULL,'',''),(3714,'Tammy Bustamante','401 Barberry St SW',NULL,'2018-09-13',NULL,29,NULL,35,NULL,'',''),(3715,'Sandra Gonzales','405 Barberry St SW',NULL,'2018-09-13',NULL,29,NULL,35,NULL,'',''),(3716,'Felix Martinez','409 Barberry St SW',NULL,'2018-09-13',NULL,29,NULL,35,NULL,'',''),(3717,'Luis Ramirez','415 Barberry St SW',NULL,'2018-09-13',NULL,29,NULL,35,NULL,'',''),(3718,'Eric Elliott','419 Barberry St SW',NULL,'2018-09-13',NULL,29,NULL,35,NULL,'',''),(3719,'Brianna Vallejos','423 Barberry St SW',NULL,'2018-09-13',NULL,29,NULL,35,NULL,'',''),(3720,'Aminda Vega','427 Barberry St SW',NULL,'2018-09-13',NULL,29,NULL,35,NULL,'',''),(3721,'Kamie Valdez','431 Barberry St SW',NULL,'2018-09-13',NULL,29,NULL,35,NULL,'',''),(3722,'Luis Lozoya','435 Barberry St SW',NULL,'2018-09-13',NULL,29,NULL,35,NULL,'',''),(3723,'Vanessa Castillo','439 Barberry St SW',NULL,'2018-09-13',NULL,29,NULL,35,NULL,'',''),(3724,'Joseph Lovato','443 Barberry St SW',NULL,'2018-09-13',NULL,29,NULL,35,NULL,'',''),(3725,'Julian Chavez','447 Barberry St SW',NULL,'2018-09-13',NULL,29,NULL,35,NULL,'',''),(3726,'Sandra Perez','451 Barberry St SW',NULL,'2018-09-13',NULL,29,NULL,35,NULL,'',''),(3727,'James Guardiola','455 Barberry St SW','725-200-8130','2018-08-16',4,29,1,NULL,NULL,'',''),(3728,'Ouida Bailey','452 Barberry St SW',NULL,'2018-09-13',NULL,29,NULL,35,NULL,'',''),(3729,'Ernie Lucero','448 Barberry St SW','505-489-0419','2018-08-16',NULL,29,1,NULL,6,'',''),(3730,'Tanya Gonzales','444 Barberry St SW',NULL,'2018-09-13',NULL,29,NULL,35,NULL,'',''),(3731,'Melissa Orozco','440 Barberry St SW',NULL,'2018-09-13',NULL,29,NULL,35,NULL,'',''),(3732,'Annabelle Trejo','436 Barberry St SW',NULL,'2018-09-13',NULL,29,NULL,35,NULL,'',''),(3733,'Rebecca Gallegos','432 Barberry St SW',NULL,'2018-09-13',NULL,29,NULL,35,NULL,'',''),(3734,'April Herrera','428 Barberry St SW','505-720-7626','2018-08-16',4,29,1,NULL,NULL,'',''),(3735,'Jesus Manquero','424 Barberry St SW',NULL,'2018-09-13',NULL,29,NULL,35,NULL,'',''),(3736,'Catherine Damore','420 Barberry St SW',NULL,'2018-09-13',NULL,29,NULL,35,NULL,'',''),(3737,'ROMELIA  ZUBIA','416 Barberry St SW',NULL,'2018-09-13',NULL,29,NULL,35,NULL,'',''),(3738,'Ramon Jurado','8128 Greythorn Rd SW',NULL,'2018-09-13',NULL,29,NULL,35,NULL,'',''),(3739,'Leon Grose','8124 Greythorn Rd SW',NULL,'2018-09-13',NULL,29,NULL,35,NULL,'',''),(3740,'Jose Ponce','8120 Greythorn Rd SW',NULL,'2018-09-13',NULL,29,NULL,35,NULL,'',''),(3741,'Stephanie Luna','8116 Greythorn Rd SW','505-301-6601','2018-09-13',2,29,3,35,NULL,'',''),(3742,'Vicente Gutierrez','8112 Greythorn Rd SW',NULL,'2018-09-13',NULL,29,NULL,35,NULL,'',''),(3743,'Silvano Sandoval','8108 Greythorn Rd SW',NULL,NULL,NULL,29,NULL,NULL,3,'y',''),(3744,'Robin Miller','8104 Greythorn Rd SW','505-831-3815','2018-08-16',4,29,1,NULL,NULL,'',''),(3745,'JOCELYN  PADILLA','8100 Greythorn Rd SW','505-363-0834','2018-08-16',4,29,1,NULL,NULL,'',''),(3746,'Elizabeth Palmer','8024 Greythorn Rd SW',NULL,'2018-09-13',NULL,29,NULL,35,NULL,'',''),(3747,'Oscar Staley Jr.','8020 Greythorn Rd SW',NULL,'2018-09-13',NULL,29,NULL,35,NULL,'',''),(3748,'Cody Stevens','8016 Greythorn Rd SW',NULL,'2018-09-13',NULL,29,NULL,35,NULL,'',''),(3749,'Joseph Charlesworth','8012 Greythorn Rd SW',NULL,'2018-09-13',NULL,29,NULL,35,NULL,'',''),(3750,'Lorenzo Renteria','8008 Greythorn Rd SW',NULL,'2018-09-13',NULL,29,NULL,36,NULL,'',''),(3751,'Sharon Franco','8004 Greythorn Rd SW',NULL,'2018-09-13',NULL,29,NULL,36,NULL,'',''),(3752,'Valerie Montoya','8000 Greythorn Rd SW',NULL,'2018-09-13',NULL,29,NULL,36,NULL,'',''),(3753,'Irasema Ponce','7924 Greythorn Rd SW','505-352-6202','2018-09-13',1,29,3,36,NULL,'',''),(3754,'Baldemar Hernandez','7920 Greythorn Rd SW',NULL,'2018-09-13',NULL,29,NULL,36,NULL,'',''),(3755,'Elizabeth Sandoval','7916 Greythorn Rd SW',NULL,'2018-09-13',NULL,29,NULL,36,NULL,'',''),(3756,'Donna Rupcich','7912 Greythorn Rd SW',NULL,'2018-09-13',NULL,29,NULL,36,NULL,'',''),(3757,'Fernando Miguel','7908 Greythorn Rd SW','505-839-2296','2018-08-16',4,29,1,NULL,NULL,'',''),(3758,'Lisa Sedillo','7904 Greythorn Rd SW',NULL,'2018-09-13',NULL,29,NULL,36,NULL,'',''),(3759,'Ana Loya','7900 Greythorn Rd SW',NULL,'2018-09-13',NULL,29,NULL,36,NULL,'',''),(3760,'Shawn Botz','7923 Greythorn Rd SW','505-994-4470','2018-08-16',4,29,1,NULL,NULL,'',''),(3761,'Rosemarie Manuell','428 Bluethorn Ct SW',NULL,'2018-09-13',NULL,29,NULL,36,NULL,'',''),(3762,'Roberto Muniz Jr.','424 Bluethorn Ct SW',NULL,'2018-09-13',NULL,29,NULL,36,NULL,'',''),(3763,'Alejandro Hernandez','423 Bluethorn Ct SW',NULL,'2018-09-13',NULL,29,NULL,36,NULL,'',''),(3764,'Medina Reinalda','427 Bluethorn Ct SW',NULL,'2018-09-13',NULL,29,NULL,36,NULL,'',''),(3765,'Arnold Jenkins','431 Bluethorn Ct SW',NULL,'2018-09-13',NULL,29,NULL,36,NULL,'',''),(3766,'Mary Carrillo','435 Bluethorn Ct SW',NULL,'2018-09-13',NULL,29,NULL,36,NULL,'',''),(3767,'Rosalinda Garcia','439 Bluethorn Ct SW',NULL,'2018-09-13',NULL,29,NULL,36,NULL,'',''),(3768,'Montoya Ambros','443 Bluethorn Ct SW',NULL,'2018-09-13',NULL,29,NULL,36,NULL,'',''),(3769,'Samantha Evans','440 Whitethorn St SW',NULL,'2018-09-13',NULL,29,NULL,36,NULL,'',''),(3770,'Andrea Busich','436 Whitethorn St SW',NULL,'2018-09-13',NULL,29,NULL,36,NULL,'',''),(3771,'Joseph Romero','432 Whitethorn St SW',NULL,'2018-09-13',NULL,29,NULL,36,NULL,'',''),(3772,'Sabrina Escamilla','428 Whitethorn St SW',NULL,'2018-09-13',NULL,29,NULL,36,NULL,'',''),(3773,'Sheila Armijo','424 Whitethorn St SW',NULL,'2018-09-13',NULL,29,NULL,36,NULL,'',''),(3774,'Rita Baldonado','415 Whitethorn St SW',NULL,'2018-09-13',NULL,29,NULL,36,NULL,'',''),(3775,'Adolfo Solis','419 Whitethorn St SW',NULL,'2018-09-13',NULL,29,NULL,36,NULL,'',''),(3776,'Dominic Torres','423 Whitethorn St SW',NULL,'2018-09-13',NULL,29,NULL,36,NULL,'',''),(3777,'Leroy Gutierrez','427 Whitethorn St SW',NULL,'2018-09-13',NULL,29,NULL,36,NULL,'',''),(3778,'Melisa Cenizal','431 Whitethorn St SW',NULL,'2018-09-13',NULL,29,NULL,36,NULL,'',''),(3779,'Senida Garcia','435 Whitethorn St SW',NULL,'2018-09-13',NULL,29,NULL,36,NULL,'',''),(3780,'Olivia Gomez','439 Whitethorn St SW',NULL,'2018-09-13',NULL,29,NULL,36,NULL,'',''),(3781,'Kenisha Wilson','7905 Scottish Broom Rd SW',NULL,'2018-09-13',NULL,29,NULL,36,NULL,'',''),(3782,'Michael Quinones','7909 Scottish Broom Rd SW',NULL,NULL,NULL,29,NULL,NULL,NULL,'',''),(3783,'Joey Martinez','7915 Scottish Broom Rd SW',NULL,NULL,NULL,29,NULL,NULL,NULL,'',''),(3784,'Carmela Chavez','8001 Scottish Broom Rd SW',NULL,NULL,NULL,29,NULL,NULL,NULL,'',''),(3785,'Â REYNA  SALAZAR','8005 Scottish Broom Rd SW',NULL,NULL,NULL,29,NULL,NULL,NULL,'',''),(3786,'FILEMON JURGEN','8009 Scottish Broom Rd SW',NULL,NULL,NULL,29,NULL,NULL,NULL,'',''),(3787,'Thomas Mang','8015 Scottish Broom Rd SW',NULL,NULL,NULL,29,NULL,NULL,NULL,'',''),(3788,'Janis Salazar','8101 Scottish Broom Rd SW',NULL,NULL,NULL,29,NULL,NULL,NULL,'',''),(3789,'Teresa Chavez','8105 Scottish Broom Rd SW',NULL,NULL,NULL,29,NULL,NULL,NULL,'',''),(3790,'Abel Dieguez','8109 Scottish Broom Rd SW',NULL,NULL,NULL,29,NULL,NULL,NULL,'',''),(3791,'Rebecca Ulibarri','8115 Scottish Broom Rd SW','505-831-4993','2018-08-16',4,29,1,NULL,NULL,'',''),(3792,'Alfonso Catalan','8119 Scottish Broom Rd SW',NULL,NULL,NULL,29,NULL,NULL,NULL,'',''),(3793,'Yvette Salazar','8123 Scottish Broom Rd SW','505-344-7962','2018-08-16',4,29,1,NULL,NULL,'',''),(3794,'Myriah Aragon','8127 Scottish Broom Rd SW',NULL,NULL,NULL,29,NULL,NULL,NULL,'',''),(3795,'Monica Garcia','8100 Scottish Broom Rd SW',NULL,NULL,NULL,29,NULL,NULL,NULL,'',''),(3796,'Azahlea Zamarron','8020 Scottish Broom Rd SW',NULL,NULL,NULL,29,NULL,NULL,NULL,'',''),(3797,'Natalie Bustillos','8016 Scottish Broom Rd SW',NULL,NULL,NULL,29,NULL,NULL,NULL,'',''),(3798,'Apolonia Villalobos','8012 Scottish Broom Rd SW',NULL,NULL,NULL,29,NULL,NULL,NULL,'',''),(3799,'Rory Smith','8008 Scottish Broom Rd SW',NULL,NULL,NULL,29,NULL,NULL,NULL,'',''),(3800,'Karim Kassam','8004 Scottish Broom Rd SW',NULL,NULL,NULL,29,NULL,NULL,NULL,'',''),(3801,'Eric Lacour Sr.','8000 Scottish Broom Rd SW',NULL,NULL,NULL,29,NULL,NULL,NULL,'',''),(3802,'Lori Baeza','424 Bristlebrush St SW','505-203-6207','2018-08-30',NULL,29,1,NULL,3,'',''),(3803,'Beatrice Munoz','428 Bristlebrush St SW',NULL,NULL,NULL,29,NULL,NULL,NULL,'',''),(3804,'Sarah Ortiz','432 Bristlebrush St SW',NULL,NULL,NULL,29,NULL,NULL,NULL,'',''),(3805,'Geoffrey Taylor','436 Bristlebrush St SW',NULL,NULL,NULL,29,NULL,NULL,NULL,'',''),(3806,'Nina Luna','440 Bristlebrush St SW',NULL,NULL,NULL,29,NULL,NULL,NULL,'',''),(3807,'Steven Maldonado','444 Bristlebrush St SW',NULL,NULL,NULL,29,NULL,NULL,NULL,'',''),(3808,'Karoline Soto','447 Bristlebrush St SW','818-298-6999','2018-09-08',2,29,3,NULL,NULL,'',''),(3809,'Kevin Painter II','443 Bristlebrush St SW',NULL,NULL,NULL,29,NULL,NULL,NULL,'',''),(3810,'Judith Jaramillo','439 Bristlebrush St SW','505-833-7003','2018-08-30',4,29,1,NULL,NULL,'',''),(3811,'Joshua Johnson','435 Bristlebrush St SW',NULL,NULL,NULL,29,NULL,NULL,NULL,'',''),(3812,'current resident','431 Bristlebrush St SW',NULL,NULL,NULL,29,NULL,NULL,NULL,'',''),(3813,'Johnny Lopez','427 Bristlebrush St SW',NULL,NULL,NULL,29,NULL,NULL,3,'y',''),(3814,'Angelica Benavidez','423 Bristlebrush St SW','505-877-7664','2018-08-30',4,29,1,NULL,NULL,'',''),(3815,'Janet Yazzie','419 Bristlebrush St SW',NULL,NULL,NULL,29,NULL,NULL,NULL,'',''),(3816,'Luz Tena','415 Bristlebrush St SW',NULL,NULL,NULL,29,NULL,NULL,NULL,'',''),(3817,'W Todd ','8605 Via Del Oro SW','',NULL,NULL,31,NULL,NULL,3,'y','\r'),(3818,'Orlando Florez ','8609 Via Del Oro SW','',NULL,NULL,31,NULL,NULL,NULL,'','\r'),(3819,'Jessica Lopez ','8615 Via Del Oro SW','',NULL,NULL,31,NULL,NULL,3,'y','\r'),(3820,'Sandra Santos ','8715 Via Del Oro SW','',NULL,NULL,31,NULL,NULL,NULL,'','\r'),(3821,'Jeannie Garcia ','8719 Via Del Oro SW','',NULL,NULL,31,NULL,NULL,NULL,'','\r'),(3822,'Luis Orosco ','8723 Via Del Oro SW','',NULL,NULL,31,NULL,NULL,NULL,'','\r'),(3823,'Richard Taylor ','8727 Via Del Oro SW','',NULL,NULL,31,NULL,NULL,NULL,'','\r'),(3824,'Jeffery Lujan ','8731 Via Del Oro SW','',NULL,NULL,31,NULL,NULL,NULL,'','\r'),(3825,'Bernice Perea ','8735 Via Del Oro SW','',NULL,NULL,31,NULL,NULL,NULL,'','\r'),(3826,'Raymond Gonzales ','8739 Via Del Oro SW','',NULL,NULL,31,NULL,NULL,NULL,'','\r'),(3827,'Eloisa Flores ','8801 Via Del Oro SW','',NULL,NULL,31,NULL,NULL,NULL,'','\r'),(3828,'Mary Kinnich ','8805 Via Del Oro SW','',NULL,NULL,31,NULL,NULL,NULL,'','\r'),(3829,'Vanessa Gabaldon ','8809 Via Del Oro SW','',NULL,NULL,31,NULL,NULL,NULL,'','\r'),(3830,'Howard Hutchings Jr.','8819 Via Del Oro SW','',NULL,NULL,31,NULL,NULL,NULL,'','\r'),(3831,'Michael Tellez ','8823 Via Del Oro SW','',NULL,NULL,31,NULL,NULL,NULL,'','\r'),(3832,'Cathy Endlich ','8827 Via Del Oro SW','',NULL,NULL,31,NULL,NULL,NULL,'','\r'),(3833,'Henry Geoffrion ','8901 Via Del Oro SW','',NULL,NULL,31,NULL,NULL,NULL,'','\r'),(3834,'Regina Madrid ','8905 Via Del Oro SW','',NULL,NULL,31,NULL,NULL,NULL,'','\r'),(3835,'Michael Marshall ','8909 Via Del Oro SW','',NULL,NULL,31,NULL,NULL,NULL,'','\r'),(3836,'Veronica Robledo ','8915 Via Del Oro SW','',NULL,NULL,31,NULL,NULL,NULL,'','\r'),(3837,'Megan Hoffman ','8919 Via Del Oro SW','',NULL,NULL,31,NULL,NULL,NULL,'','\r'),(3838,'Julio Flores-Piza ','8923 Via Del Oro SW','',NULL,NULL,31,NULL,NULL,NULL,'','\r'),(3839,'Ruth Johnson ','8927 Via Del Oro SW','',NULL,NULL,31,NULL,NULL,3,'y','\r'),(3840,'William Dugger Jr. ','8931 Via Del Oro SW','',NULL,NULL,31,NULL,NULL,NULL,'','\r'),(3841,'Hector Loya ','8808 Via Del Oro SW','',NULL,NULL,31,NULL,NULL,NULL,'','\r'),(3842,'Makayla Estrada ','8740 Via Del Oro SW','',NULL,NULL,31,NULL,NULL,NULL,'','\r'),(3843,'Carlos A Montanez ','8736 Via Del Oro SW','',NULL,NULL,31,NULL,NULL,NULL,'','\r'),(3844,'Gabriela E Monsivias ','8732 Via Del Oro SW','',NULL,NULL,31,NULL,NULL,NULL,'','\r'),(3845,'David Romero ','8728 Via Del Oro SW','',NULL,NULL,31,NULL,NULL,NULL,'','\r'),(3846,'Efren Vargas ','8720 Via Del Oro SW','',NULL,NULL,31,NULL,NULL,NULL,'','\r'),(3847,'Guadalupe Aguilar ','201 Calle Del Rey SW','',NULL,NULL,31,NULL,NULL,NULL,'','\r'),(3848,'Rosaline Chavez ','205 Calle Del Rey SW','',NULL,NULL,31,NULL,NULL,NULL,'','\r'),(3849,'Carol Romero ','209 Calle Del Rey SW','',NULL,NULL,31,NULL,NULL,NULL,'','\r'),(3850,'Frank Ruth ','215 Calle Del Rey SW','',NULL,NULL,31,NULL,NULL,NULL,'','\r'),(3851,'Robert Chambers ','223 Calle Del Rey SW','',NULL,NULL,31,NULL,NULL,NULL,'','\r'),(3852,'Angel Pacheco ','227 Calle Del Rey SW','',NULL,NULL,31,NULL,NULL,NULL,'','\r'),(3853,'Elizabeth Callwood ','231 Calle Del Rey SW','',NULL,NULL,31,NULL,NULL,NULL,'','\r'),(3854,'Natalie S Roberts ','235 Calle Del Rey SW','',NULL,NULL,31,NULL,NULL,3,'y','\r'),(3855,'Christina Keyohara ','301 Calle Del Rey SW','',NULL,NULL,31,NULL,NULL,NULL,'','\r'),(3856,'Katherine Jaramillo ','305 Calle Del Rey SW','',NULL,NULL,31,NULL,NULL,3,'y','\r'),(3857,'Mike Kerkhoff ','309 Calle Del Rey SW','',NULL,NULL,31,NULL,NULL,NULL,'','\r'),(3858,'Maria Chavez ','323 Calle Del Rey SW','',NULL,NULL,31,NULL,NULL,NULL,'','\r'),(3859,'Maria Hernandez ','327 Calle Del Rey SW','',NULL,NULL,31,NULL,NULL,NULL,'','\r'),(3860,'Casey Sedillo ','331 Calle Del Rey SW','',NULL,NULL,31,NULL,NULL,NULL,'','\r'),(3861,'Joenna Pozo ','324 Calle Del Rey SW','',NULL,NULL,31,NULL,NULL,NULL,'','\r'),(3862,'Rogelio Rodriguez ','320 Calle Del Rey SW','',NULL,NULL,31,NULL,NULL,NULL,'','\r'),(3863,'Noelle Archuleta ','312 Calle Del Rey SW','',NULL,NULL,31,NULL,NULL,NULL,'','\r'),(3864,'Jennifer Sandoval ','300 Calle Del Rey SW','',NULL,NULL,31,NULL,NULL,NULL,'','\r'),(3865,'Rita Arvizu ','232 Calle Del Rey SW','',NULL,NULL,31,NULL,NULL,NULL,'','\r'),(3866,'Charlotte Smith ','228 Calle Del Rey SW','',NULL,NULL,31,NULL,NULL,NULL,'','\r'),(3867,'Scott Wormwood ','220 Calle Del Rey SW','',NULL,NULL,31,NULL,NULL,NULL,'','\r'),(3868,'June Martinez ','216 Calle Del Rey SW','',NULL,NULL,31,NULL,NULL,NULL,'','\r'),(3869,'Brenda King ','212 Calle Del Rey SW','',NULL,NULL,31,NULL,NULL,NULL,'','\r'),(3870,'Vanessa Tavette ','208 Calle Del Rey SW','',NULL,NULL,31,NULL,NULL,NULL,'','\r'),(3871,'Perry Mon ','204 Calle Del Rey SW','',NULL,NULL,31,NULL,NULL,NULL,'','\r'),(3872,'Martin Sinchicay ','200 Calle Del Rey SW','',NULL,NULL,31,NULL,NULL,NULL,'','\r'),(3873,'current resident','201 San Tomas Ln SW','',NULL,NULL,31,NULL,NULL,NULL,'','\r'),(3874,'Maryann Saldana ','205 San Tomas Ln SW','',NULL,NULL,31,NULL,NULL,NULL,'','\r'),(3875,'Esperanza Plath-Bailey ','209 San Tomas Ln SW','',NULL,NULL,31,NULL,NULL,NULL,'','\r'),(3876,'Annette Romero ','215 San Tomas Ln SW','',NULL,NULL,31,NULL,NULL,NULL,'','\r'),(3877,'Sergio Martinez','219 San Tomas Ln SW','',NULL,NULL,31,NULL,NULL,NULL,'','\r'),(3878,'Julie Franse ','223 San Tomas Ln SW','',NULL,NULL,31,NULL,NULL,NULL,'','\r'),(3879,'Patricia Sviercovich ','227 San Tomas Ln SW','',NULL,NULL,31,NULL,NULL,NULL,'','\r'),(3880,'Cheri Green ','231 San Tomas Ln SW','',NULL,NULL,31,NULL,NULL,NULL,'','\r'),(3881,'Crystal Romero ','235 San Tomas Ln SW','',NULL,NULL,31,NULL,NULL,NULL,'','\r'),(3882,'Magali Duran ','301 San Tomas Ln SW','',NULL,NULL,31,NULL,NULL,NULL,'','\r'),(3883,'Raymond DelGado ','305 San Tomas Ln SW','',NULL,NULL,31,NULL,NULL,NULL,'','\r'),(3884,'Austin Wareing ','309 San Tomas Ln SW','',NULL,NULL,31,NULL,NULL,NULL,'','\r'),(3885,'G Patricia ','315 San Tomas Ln SW','',NULL,NULL,31,NULL,NULL,NULL,'','\r'),(3886,'James Frazier ','323 San Tomas Ln SW','',NULL,NULL,31,NULL,NULL,NULL,'','\r'),(3887,'Alfredo Vasquez ','327 San Tomas Ln SW','',NULL,NULL,31,NULL,NULL,NULL,'','\r'),(3888,'Sasha Pellerin ','324 San Tomas Ln SW','',NULL,NULL,31,NULL,NULL,NULL,'','\r'),(3889,'Annette Wetherill ','320 San Tomas Ln SW','',NULL,NULL,31,NULL,NULL,NULL,'','\r'),(3890,'Mayra Lira ','316 San Tomas Ln SW','',NULL,NULL,31,NULL,NULL,NULL,'','\r'),(3891,'Danette Kain ','308 San Tomas Ln SW','',NULL,NULL,31,NULL,NULL,NULL,'','\r'),(3892,'Saiz Saiz ','304 San Tomas Ln SW','',NULL,NULL,31,NULL,NULL,NULL,'','\r'),(3893,'Gloria Marquez ','300 San Tomas Ln SW','',NULL,NULL,31,NULL,NULL,NULL,'','\r'),(3894,'Tammy Hyder ','236 San Tomas Ln SW','',NULL,NULL,31,NULL,NULL,NULL,'','\r'),(3895,'Deborah Salazar ','232 San Tomas Ln SW','',NULL,NULL,31,NULL,NULL,NULL,'','\r'),(3896,'Karen Romero ','224 San Tomas Ln SW','',NULL,NULL,31,NULL,NULL,NULL,'','\r'),(3897,'Stephen Campbell ','220 San Tomas Ln SW','',NULL,NULL,31,NULL,NULL,NULL,'','\r'),(3898,'Martha Camarillo ','216 San Tomas Ln SW','',NULL,NULL,31,NULL,NULL,NULL,'','\r'),(3899,'Annette Torrez ','208 San Tomas Ln SW','',NULL,NULL,31,NULL,NULL,NULL,'','\r'),(3900,'Dolores Trujillo ','204 San Tomas Ln SW','',NULL,NULL,31,NULL,NULL,NULL,'','\r'),(3901,'Richard Sandoval ','200 San Tomas Ln SW','',NULL,NULL,31,NULL,NULL,NULL,'','\r'),(3902,'Florence Kent ','201 Vista Del Angel SW','',NULL,NULL,31,NULL,NULL,NULL,'','\r'),(3903,'Raymond Lumsdon ','205 Vista Del Angel SW','',NULL,NULL,31,NULL,NULL,NULL,'','\r'),(3904,'Claudia Martinez ','209 Vista Del Angel SW','',NULL,NULL,31,NULL,NULL,NULL,'','\r'),(3905,'Travis Boyd ','215 Vista Del Angel SW','',NULL,NULL,31,NULL,NULL,NULL,'','\r'),(3906,'Louise Saavedra ','219 Vista Del Angel SW','',NULL,NULL,31,NULL,NULL,NULL,'','\r'),(3907,'Lita Barela ','223 Vista Del Angel SW','',NULL,NULL,31,NULL,NULL,NULL,'','\r'),(3908,'Desiree Gutierrez ','227 Vista Del Angel SW','',NULL,NULL,31,NULL,NULL,NULL,'','\r'),(3909,'Candyce Chosa ','301 Vista Del Angel SW','',NULL,NULL,31,NULL,NULL,NULL,'','\r'),(3910,'Melissa Ortiz ','305 Vista Del Angel SW','',NULL,NULL,31,NULL,NULL,NULL,'','\r'),(3911,'Victor Gonzales ','315 Vista Del Angel SW','',NULL,NULL,31,NULL,NULL,NULL,'','\r'),(3912,'Christine Joiner ','319 Vista Del Angel SW','',NULL,NULL,31,NULL,NULL,NULL,'','\r'),(3913,'Maria Quintana ','323 Vista Del Angel SW','',NULL,NULL,31,NULL,NULL,NULL,'','\r'),(3914,'Estevan Encinias ','327 Vista Del Angel SW','',NULL,NULL,31,NULL,NULL,NULL,'','\r'),(3915,'Rose Jackson ','331 Vista Del Angel SW','',NULL,NULL,31,NULL,NULL,NULL,'','\r'),(3916,'Sandra Zamora ','335 Vista Del Angel SW','',NULL,NULL,31,NULL,NULL,NULL,'','\r'),(3917,'Isaac Flores ','339 Vista Del Angel SW','',NULL,NULL,31,NULL,NULL,NULL,'','\r'),(3918,'Lawrence Mitchell ','336 Vista Del Angel SW','',NULL,NULL,31,NULL,NULL,NULL,'','\r'),(3919,'Joe Tapia Jr. ','332 Vista Del Angel SW','',NULL,NULL,31,NULL,NULL,NULL,'','\r'),(3920,'Julian Crespin ','328 Vista Del Angel SW','',NULL,NULL,31,NULL,NULL,NULL,'','\r'),(3921,'Roberta Chavez ','324 Vista Del Angel SW','',NULL,NULL,31,NULL,NULL,NULL,'','\r'),(3922,'David Tafoya ','320 Vista Del Angel SW','',NULL,NULL,31,NULL,NULL,NULL,'','\r'),(3923,'Sandra Lenberg ','308 Vista Del Angel SW','',NULL,NULL,31,NULL,NULL,NULL,'','\r'),(3924,'Tina Maxwell ','8700 La Vida Ln SW','',NULL,NULL,31,NULL,NULL,NULL,'','\r'),(3925,'Carmen Sandoval ','8704 La Vida Ln SW','',NULL,NULL,31,NULL,NULL,NULL,'','\r'),(3926,'Andrew Zuzek ','8708 La Vida Ln SW','',NULL,NULL,31,NULL,NULL,NULL,'','\r'),(3927,'Anne Sanchez ','8712 La Vida Ln SW','',NULL,NULL,31,NULL,NULL,NULL,'','\r'),(3928,'Kathy Ayala ','8716 La Vida Ln SW','',NULL,NULL,31,NULL,NULL,NULL,'','\r'),(3929,'Diane Haglund ','8724 La Vida Ln SW','',NULL,NULL,31,NULL,NULL,NULL,'','\r'),(3930,'Rebecca Newton ','8728 La Vida Ln SW','',NULL,NULL,31,NULL,NULL,NULL,'','\r'),(3931,'Corinne Lucero ','8800 La Vida Ln SW','',NULL,NULL,31,NULL,NULL,NULL,'','\r'),(3932,'David Rodriguez ','8804 La Vida Ln SW','',NULL,NULL,31,NULL,NULL,NULL,'','\r'),(3933,'April J Carrasco ','8812 La Vida Ln SW','',NULL,NULL,31,NULL,NULL,NULL,'','\r'),(3934,'Alfred Martinez ','8816 La Vida Ln SW','',NULL,NULL,31,NULL,NULL,NULL,'','\r'),(3935,'Chantelle Gomez ','8900 La Vida Ln SW','',NULL,NULL,31,NULL,NULL,NULL,'','\r'),(3936,'Thiago Ribeiro ','8904 La Vida Ln SW','',NULL,NULL,31,NULL,NULL,NULL,'','\r'),(3937,'Alexandra Gonzales','8908 La Vida Ln SW','',NULL,NULL,31,NULL,NULL,NULL,'','\r'),(3938,'Ellen Waller-Maestas ','8920 La Vida Ln SW','',NULL,NULL,31,NULL,NULL,NULL,'','\r'),(3939,'Rachael Ernie-Gurule ','8924 La Vida Ln SW','',NULL,NULL,31,NULL,NULL,NULL,'','\r'),(3940,'Felix Sanchez Sr. ','8928 La Vida Ln SW','',NULL,NULL,31,NULL,NULL,NULL,'','\r'),(3941,'Kathy Nelson ','8932 La Vida Ln SW','',NULL,NULL,31,NULL,NULL,NULL,'','\r'),(3942,'Brianne Marks ','300 Calle Amarillo SW','',NULL,NULL,31,NULL,NULL,NULL,'','\r'),(3943,'Gerardo Martinez ','308 Calle Amarillo SW','',NULL,NULL,31,NULL,NULL,3,'y','\r'),(3944,'Sekston Sanchez ','316 Calle Amarillo SW','',NULL,NULL,31,NULL,NULL,NULL,'','\r'),(3945,'Lynn Olsson ','324 Calle Amarillo SW','',NULL,NULL,31,NULL,NULL,NULL,'','\r'),(3946,'Violaann Arellano ','332 Calle Amarillo SW','',NULL,NULL,31,NULL,NULL,NULL,'','\r'),(3947,'Crystal Romero ','336 Calle Amarillo SW','',NULL,NULL,31,NULL,NULL,NULL,'','\r'),(3948,'Roberta Archuleta ','340 Calle Amarillo SW','',NULL,NULL,31,NULL,NULL,NULL,'','\r'),(3949,'Andy Vigil ','344 Calle Amarillo SW','',NULL,NULL,31,NULL,NULL,NULL,'','\r'),(3950,'Gabriel Montoya ','331 Calle Amarillo SW','',NULL,NULL,31,NULL,NULL,NULL,'','\r'),(3951,'Bonnie Viloria ','327 Calle Amarillo SW','',NULL,NULL,31,NULL,NULL,NULL,'','\r'),(3952,'David Sanchez ','319 Calle Amarillo SW','',NULL,NULL,31,NULL,NULL,NULL,'','\r'),(3953,'Patrize Lucero ','315 Calle Amarillo SW','',NULL,NULL,31,NULL,NULL,NULL,'','\r'),(3954,'Adam Durant ','309 Calle Amarillo SW','',NULL,NULL,31,NULL,NULL,NULL,'','\r'),(3955,'Maximino Ramirez ','301 Calle Amarillo SW','',NULL,NULL,31,NULL,NULL,NULL,'','\r'),(3956,'James Simpson ','8601 Via Del Oro SW','505-244-9276 ','2018-08-30',4,31,1,NULL,NULL,'','\r'),(3957,'Ashley Abeyta ','8619 Via Del Oro SW','505-839-8308 ','2018-09-08',2,31,3,NULL,NULL,'','\r'),(3958,'Jessica Arballo ','8701 Via Del Oro SW','505-315-3824 ','2018-09-08',2,31,3,NULL,NULL,'','\r'),(3959,'Patty Stephens ','8705 Via Del Oro SW','505-296-2719 ','2018-08-30',4,31,1,NULL,NULL,'','\r'),(3960,'Anthony Sanchez ','8709 Via Del Oro SW ','505-203-2917 ','2018-09-08',2,31,3,NULL,NULL,'','\r'),(3961,'Ray Herrera Jr. ','8815 Via Del Oro SW','505-831-4407 ','2018-08-30',4,31,1,NULL,NULL,'','\r'),(3962,'Martin Mondragon ','8804 Via Del Oro SW','505-833-7083 ','2018-09-08',2,31,3,NULL,NULL,'','\r'),(3963,'John Fry ','8800 Via Del Oro SW','318-218-4493 ','2018-09-08',2,31,3,NULL,NULL,'','\r'),(3964,'Celina Gonzales ','8724 Via Del Oro SW','505-839-9205 ','2018-08-30',4,31,1,NULL,NULL,'','\r'),(3965,'Karen Christensen ','219 Calle Del Rey SW','505-833-3336 ','2018-08-30',4,31,1,NULL,NULL,'','\r'),(3966,'Patricia Maldonado ','315 Calle Del Rey SW','505-352-2104 ','2018-08-30',4,31,1,NULL,NULL,'','\r'),(3967,'Russel Sandlin ','319 Calle Del Rey SW','505-242-0987 ','2018-08-30',4,31,1,NULL,NULL,'','\r'),(3968,'Malik Waters ','316 Calle Del Rey SW','505-379-6818 ','2018-09-08',2,31,3,NULL,NULL,'','\r'),(3969,'Peggy Chacon ','308 Calle Del Rey SW','505-352-1557 ','2018-08-30',4,31,1,NULL,NULL,'','\r'),(3970,'Sonia Manning ','304 Calle Del Rey SW','505-831-5876 ',NULL,NULL,31,NULL,NULL,3,'y','\r'),(3971,'Brian Rausch ','224 Calle Del Rey SW','405-799-4353 ','2018-08-30',4,31,1,NULL,NULL,'','\r'),(3972,'Sandra Sherman ','319 San Tomas Ln SW','505-352-7566 ','2018-09-08',2,31,3,NULL,NULL,'','\r'),(3973,'Jerome Salazar ','228 San Tomas Ln SW','505-503-6113 ','2018-08-30',4,31,1,NULL,NULL,'','\r'),(3974,'Deborah Young ','309 Vista Del Angel SW','505-352-5764 ','2018-09-08',2,31,3,NULL,NULL,'','\r'),(3975,'Adriana Gallardo ','316 Vista Del Angel SW','505-833-1015 ','2018-09-08',2,31,3,NULL,NULL,'','\r'),(3976,'Rick Taylor ','304 Vista Del Angel SW','505-503-6265 ','2018-08-30',4,31,1,NULL,NULL,'','\r'),(3977,'Ted Armijo Jr. ','8720 La Vida Ln SW','505-839-7301 ','2018-08-30',4,31,1,NULL,6,'','y'),(3978,'Debbie Lopez ','8808 La Vida Ln SW','505-839-8347 ','2018-09-08',2,31,3,NULL,NULL,'','\r'),(3979,'Daniel Nieto ','8912 La Vida Ln SW','505-459-7643 ','2018-08-30',4,31,1,NULL,NULL,'','\r'),(3980,'Leandro Griego ','8916 La Vida Ln SW','505-888-7573 ','2018-09-08',2,31,3,NULL,NULL,'','\r'),(3981,'Gerri Smith ','304 Calle Amarillo SW','505-833-5377 ','2018-09-08',2,31,3,NULL,NULL,'','\r'),(3982,'Doretta Lincoln ','320 Calle Amarillo SW','505-553-3083 ','2018-09-08',2,31,3,NULL,NULL,'','\r'),(3983,'Glenn Straughn ','328 Calle Amarillo SW','505-873-2489 ','2018-09-06',4,31,1,NULL,NULL,'','\r'),(3984,'Jason Cummings ','323 Calle Amarillo SW','575-297-4001 ','2018-09-06',4,31,1,NULL,NULL,'','\r'),(3985,'Rebecca Ward ','305 Calle Amarillo SW','505-508-5570 ','2018-09-06',4,31,1,NULL,NULL,'','\r'),(4072,'Rita Griego ','7405 Crystal Ridge Rd SW','505-301-5949 ','2018-09-06',4,32,1,NULL,NULL,'','\r'),(4073,'Bradley Crosby ','7500 Crystal Ridge Rd SW','505-839-9808 ','2018-09-06',4,32,1,NULL,NULL,'','\r'),(4074,'Jamielyn Sena ','7408 Crystal Ridge Rd SW','505-831-2157 ','2018-09-08',4,32,2,NULL,NULL,'','\r'),(4075,'Helen Perez ','7400 Crystal Ridge Rd SW','505-907-8719 ',NULL,NULL,32,NULL,NULL,3,'y','\r'),(4076,'Charlotte Tafoya ','1312 Quiet Desert Dr SW','505-843-6373 ','2018-09-08',4,32,2,NULL,NULL,'','\r'),(4077,'Sandra Barreras ','1320 Quiet Desert Dr SW','505-836-5684 ','2018-09-06',4,32,1,NULL,NULL,'','\r'),(4078,'Jovita Ha ','7404 Rockwood Rd SW','505-554-3268 ','2018-09-06',4,32,1,NULL,NULL,'','\r'),(4079,'Rachael Elebario ','7404 Secret Valley Ct SW','505-515-9274 ','2018-09-06',4,32,1,NULL,NULL,'','\r'),(4080,'Martin Caracoza ','7409 Windsong Rd SW','505-836-9561 ','2018-09-13',2,32,3,NULL,NULL,'','\r'),(4081,'Martha Esparza ','7404 Windsong Rd SW','505-304-0885 ','2018-09-06',4,32,1,NULL,NULL,'','\r'),(4082,'Sally Carmiencke ','7401 Crystal Ridge Rd SW','',NULL,NULL,32,NULL,NULL,NULL,'','\r'),(4083,'Regina Salazar ','7409 Crystal Ridge Rd SW','',NULL,NULL,32,NULL,NULL,NULL,'','\r'),(4084,'Juan Najera ','7415 Crystal Ridge Rd SW','',NULL,NULL,32,NULL,NULL,NULL,'','\r'),(4085,'Rebecca Baca ','7501 Crystal Ridge Rd SW','',NULL,NULL,32,NULL,NULL,NULL,'','\r'),(4086,'Grace Pedro ','7505 Crystal Ridge Rd SW','',NULL,NULL,32,NULL,NULL,NULL,'','\r'),(4087,'Jerome Casias ','7509 Crystal Ridge Rd SW','',NULL,NULL,32,NULL,NULL,NULL,'','\r'),(4088,'Jorge Sanchez ','7515 Crystal Ridge Rd SW','',NULL,NULL,32,NULL,NULL,NULL,'','\r'),(4089,'Jennifer Velasquez ','7504 Crystal Ridge Rd SW','',NULL,NULL,32,NULL,NULL,NULL,'','\r'),(4090,'Michael Verhoff ','7404 Crystal Ridge Rd SW','',NULL,NULL,32,NULL,NULL,NULL,'','\r'),(4091,'Renee Hernandez ','1316 Quiet Desert Dr SW','',NULL,NULL,32,NULL,NULL,NULL,'','\r'),(4092,'Amanda Sisneros ','1324 Quiet Desert Dr SW','',NULL,NULL,32,NULL,NULL,NULL,'','\r'),(4093,'Mary Garcia ','1420 Quiet Desert Dr SW','',NULL,NULL,32,NULL,NULL,NULL,'','\r'),(4094,'Elizabeth Ortiz ','1424 Quiet Desert Dr SW','',NULL,NULL,32,NULL,NULL,NULL,'','\r'),(4095,'Jerico Vigil ','1428 Quiet Desert Dr SW','',NULL,NULL,32,NULL,NULL,NULL,'','\r'),(4096,'Cindy Baca ','7505 Rockwood Rd SW','',NULL,NULL,32,NULL,NULL,NULL,'','\r'),(4097,'Andrew Sanchez ','7501 Rockwood Rd SW','',NULL,NULL,32,NULL,NULL,NULL,'','\r'),(4098,'Monica Montoya ','7409 Rockwood Rd SW','',NULL,NULL,32,NULL,NULL,NULL,'','\r'),(4099,'Cesar Sierra ','7405 Rockwood Rd SW','',NULL,NULL,32,NULL,NULL,NULL,'','\r'),(4100,'Sandra Rodriguez ','7408 Rockwood Rd SW','',NULL,NULL,32,NULL,NULL,NULL,'','\r'),(4101,'Ramon Ortega ','7500 Rockwood Rd SW','',NULL,NULL,32,NULL,NULL,NULL,'','\r'),(4102,'Robin Cortez ','7504 Rockwood Rd SW','',NULL,NULL,32,NULL,NULL,NULL,'','\r'),(4103,'Marion Reed ','1423 Secret Valley Dr SW','',NULL,NULL,32,NULL,NULL,NULL,'','\r'),(4104,'Mark Martinez ','1419 Secret Valley Dr SW','',NULL,NULL,32,NULL,NULL,NULL,'','\r'),(4105,'Miguel Vasquez ','1415 Secret Valley Dr SW','',NULL,NULL,32,NULL,NULL,NULL,'','\r'),(4106,'Lanetta Blackman ','1409 Secret Valley Dr SW','',NULL,NULL,32,NULL,NULL,NULL,'','\r'),(4107,'Karen M Rodriguez ','1405 Secret Valley Dr SW','',NULL,NULL,32,NULL,NULL,NULL,'','\r'),(4108,'Brenda Gallegos ','1401 Secret Valley Dr SW','',NULL,NULL,32,NULL,NULL,NULL,'','\r'),(4109,'Lisa Portillo ','7400 Secret Valley Ct SW','',NULL,NULL,32,NULL,NULL,3,'y','\r'),(4110,'Frank Lucero ','7408 Secret Valley Ct SW','',NULL,NULL,32,NULL,NULL,NULL,'','\r'),(4111,'Steve Phillips ','7416 Secret Valley Ct SW','',NULL,NULL,32,NULL,NULL,NULL,'','\r'),(4112,'Frank Diaz ','7415 Secret Valley Ct SW','',NULL,NULL,32,NULL,NULL,NULL,'','\r'),(4113,'Phyllis Pohl ','7409 Secret Valley Ct SW','',NULL,NULL,32,NULL,NULL,NULL,'','\r'),(4114,'Raquel Vigil ','7405 Secret Valley Ct SW','',NULL,NULL,32,NULL,NULL,NULL,'','\r'),(4115,'Myrtle Taylor-Armour ','7401 Secret Valley Ct SW','',NULL,NULL,32,NULL,NULL,NULL,'','\r'),(4116,'Teresa Roskos-Payne ','7401 Windsong Rd SW','',NULL,NULL,32,NULL,NULL,NULL,'','\r'),(4117,'Abdulaziz Alhamlan ','7405 Windsong Rd SW','',NULL,NULL,32,NULL,NULL,NULL,'','\r'),(4118,'Lawrence Marrich ','7501 Windsong Rd SW','',NULL,NULL,32,NULL,NULL,NULL,'','\r'),(4119,'Julian Cordova ','7505 Windsong Rd SW','',NULL,NULL,32,NULL,NULL,NULL,'','\r'),(4120,'Rocio Rodriguez ','7509 Windsong Rd SW','',NULL,NULL,32,NULL,NULL,NULL,'','\r'),(4121,'Deborah Armijo ','7508 Windsong Rd SW','',NULL,NULL,32,NULL,NULL,NULL,'','\r'),(4122,'Pete A & Alvira D Mora ','7504 Windsong Rd SW','',NULL,NULL,32,NULL,NULL,NULL,'','\r'),(4123,'Kathia Coronel ','7500 Windsong Rd SW','',NULL,NULL,32,NULL,NULL,NULL,'','\r'),(4124,'Geovany Soto ','7408 Windsong Rd SW','',NULL,NULL,32,NULL,NULL,NULL,'','\r'),(4125,'Alicia Michel ','7401 Autumn Canyon Rd SW','',NULL,NULL,32,NULL,NULL,NULL,'','\r'),(4126,'Elizabeth Bernal ','7405 Autumn Canyon Rd SW','',NULL,NULL,32,NULL,NULL,3,'y','\r'),(4127,'Maureen Hernandez ','7409 Autumn Canyon Rd SW','',NULL,NULL,32,NULL,NULL,NULL,'','\r'),(4128,'Shaun Cummings ','7501 Autumn Canyon Rd SW','',NULL,NULL,32,NULL,NULL,NULL,'','\r'),(4129,'Teresa Rincon ','7505 Autumn Canyon Rd SW','',NULL,NULL,32,NULL,NULL,NULL,'','\r'),(4130,'Patricia Chavez ','7412 Autumn Canyon Rd SW','',NULL,NULL,32,NULL,NULL,NULL,'','\r'),(4131,'Rufina Otero ','7408 Autumn Canyon Rd SW','',NULL,NULL,32,NULL,NULL,NULL,'','\r'),(4132,'Angelica Apodaca ','7404 Autumn Canyon Rd SW','',NULL,NULL,32,NULL,NULL,NULL,'','\r'),(4133,'Teresa Summers ','7400 Autumn Canyon Rd SW','',NULL,NULL,32,NULL,NULL,NULL,'','\r'),(4135,'Jesus Olivas ','9315 Vista Hermosa Ct SW','505-842-1120 ','2018-09-13',2,33,3,NULL,NULL,'','\r'),(4136,'Antonio Robels ','9308 Vista Hermosa Ct SW','505-907-7388 ','2018-09-13',1,33,3,NULL,6,'','y'),(4137,'Daniel Juarez ','9301 Vista Del Valle Ct SW','505-450-5087 ','2018-09-08',4,33,2,NULL,NULL,'','\r'),(4138,'Esperanza Arana ','9308 Libro Iluminado Ct SW','505-836-2574 ','2018-09-13',2,33,3,NULL,NULL,'','\r'),(4139,'Edward Romero Sr. ','9001 Sundeck Ct SW','505-833-4251 ','2018-09-13',1,33,3,NULL,NULL,'','\r'),(4140,'Jessica Gonzales ','9003 Sundeck Ct SW','505-503-7579 ','2018-09-06',4,33,1,NULL,NULL,'','\r'),(4141,'Maria Armstrong ','9105 Sundeck Ct SW','505-836-2448 ','2018-09-06',4,33,1,NULL,NULL,'','\r'),(4142,'Ashley Solano ','9205 Sundeck Ct SW','505-836-3730 ','2018-09-08',4,33,1,NULL,NULL,'','\r'),(4143,'Ismael Montano ','9008 Sundeck Ct SW','505-873-1930 ','2018-09-15',2,33,3,NULL,NULL,'','\r'),(4144,'Socorro Castillo ','9000 Sundeck Ct SW','505-203-2391 ','2018-09-08',4,33,1,NULL,NULL,'','\r'),(4145,'Rolando Ross ','9015 Sunfish Ave SW','505-315-8366 ','2018-09-13',1,33,2,NULL,NULL,'','\r'),(4146,'Roger Johnston ','9101 Sunfish Ave SW','505-833-0884 ','2018-09-08',4,33,1,NULL,NULL,'','\r'),(4147,'Jessica Armijo ','9105 Sunfish Ave SW','505-836-1453 ','2018-09-13',2,33,2,NULL,NULL,'','\r'),(4148,'Martha Begay ','9115 Sunfish Ave SW','505-839-2719 ','2018-09-13',4,33,2,NULL,NULL,'','\r'),(4149,'Marcelo Hernandez ','9112 Sunfish Ave SW','505-839-6897 ','2018-09-13',2,33,2,NULL,NULL,'','\r'),(4150,'Jeannette Francia ','9004 Sunfish Ave SW','505-831-1101 ','2018-09-08',4,33,1,NULL,NULL,'','\r'),(4151,'Mary Begay ','9109 Sunwise Ave SW','505-352-9785 ','2018-09-08',4,33,1,NULL,NULL,'','\r'),(4152,'Margie Gonzales ','9115 Sunwise Ave SW','505-892-9034 ','2018-09-08',4,33,1,NULL,NULL,'','\r'),(4153,'Lissette Santana ','9104 Sunwise Ave SW','505-234-5531 ','2018-09-13',1,33,2,NULL,NULL,'','\r'),(4154,'Ernesto Gabaldon ','9000 Sunwise Ave SW','505-304-6622 ','2018-09-13',1,33,2,NULL,NULL,'','\r'),(4155,'Miguel Vazquez ','9005 Sundial Pl SW','505-836-4828 ','2018-09-13',1,33,2,NULL,NULL,'','\r'),(4156,'C Poulos ','9209 Sundial Pl SW','505-831-1385 ','2018-09-13',2,33,2,NULL,NULL,'','\r'),(4157,'Hector Lopez ','9204 Sundial Pl SW','505-917-7888 ','2018-09-08',4,33,1,NULL,NULL,'','\r'),(4158,'Marco Zubia ','712 Sunbear Dr SW','505-480-6988 ','2018-09-08',4,33,1,NULL,NULL,'','\r'),(4159,'Susan Robinson ','708 Sunbear Dr SW','505-344-6904 ','2018-09-08',4,33,1,NULL,NULL,'','\r'),(4160,'Virginia Valdez ','700 Sunbear Dr SW','505-833-2108 ','2018-09-13',2,33,2,NULL,NULL,'','\r'),(4161,'Betty M Olguin ','620 Sunbear Dr SW','505-261-4899 ','2018-09-13',2,33,2,NULL,6,'','y'),(4162,'Luz Michel ','604 Sunbear Dr SW','505-440-6977 ','2018-09-13',4,33,2,NULL,NULL,'','\r'),(4163,'Carolyn Foster ','709 Sunward Dr SW','505-352-9706 ','2018-09-08',4,33,1,NULL,NULL,'','\r'),(4164,'Audrey Begay ','9309 Vista Hermosa Ct SW','',NULL,NULL,33,NULL,NULL,NULL,'','\r'),(4165,'Jerry Olguin ','9305 Vista Hermosa Ct SW','',NULL,NULL,33,NULL,NULL,NULL,'','\r'),(4166,'current resident','9301 Vista Hermosa Ct SW','',NULL,NULL,33,NULL,NULL,NULL,'','\r'),(4167,'Joseph Zschach ','9300 Vista Hermosa Ct SW','',NULL,NULL,33,NULL,NULL,NULL,'','\r'),(4168,'Sherry Willingham ','9304 Vista Hermosa Ct SW','',NULL,NULL,33,NULL,NULL,NULL,'','\r'),(4169,'current resident','9312 Vista Hermosa Ct SW','',NULL,NULL,33,NULL,NULL,NULL,'','\r'),(4170,'Ruth Quintero ','9315 Vista Del Valle Ct SW','',NULL,NULL,33,NULL,NULL,NULL,'','\r'),(4171,'Rita Rodriguez ','9309 Vista Del Valle Ct SW','',NULL,NULL,33,NULL,NULL,NULL,'','\r'),(4172,'Ericka Ronquillo ','9305 Vista Del Valle Ct SW','',NULL,NULL,33,NULL,NULL,NULL,'','\r'),(4173,'Mialma Gallegos ','9300 Vista Del Valle Ct SW','',NULL,NULL,33,NULL,NULL,NULL,'','\r'),(4174,'Alicia Hernandez ','9304 Vista Del Valle Ct SW','',NULL,NULL,33,NULL,NULL,NULL,'','\r'),(4175,'Mark Akers ','9308 Vista Del Valle Ct SW','',NULL,NULL,33,NULL,NULL,NULL,'','\r'),(4176,'Ahmond Bridges ','9312 Vista Del Valle Ct SW','',NULL,NULL,33,NULL,NULL,NULL,'','\r'),(4177,'Pedro Munoz ','9315 Verdad Del Luz Ct SW','',NULL,NULL,33,NULL,NULL,NULL,'','\r'),(4178,'Carol Mistretta','9309 Verdad Del Luz Ct SW','',NULL,NULL,33,NULL,NULL,3,'y','\r'),(4179,'Stella Sanchez ','9305 Verdad Del Luz Ct SW','',NULL,NULL,33,NULL,NULL,NULL,'','\r'),(4180,'Sarah Koppenhaver ','9301 Verdad Del Luz Ct SW','',NULL,NULL,33,NULL,NULL,NULL,'','\r'),(4181,'current resident','9300 Verdad Del Luz Ct SW','',NULL,NULL,33,NULL,NULL,6,'','y'),(4182,'Darla Arterburn ','9304 Verdad Del Luz Ct SW','',NULL,NULL,33,NULL,NULL,NULL,'','\r'),(4183,'Dawn Calton ','9308 Verdad Del Luz Ct SW','',NULL,NULL,33,NULL,NULL,NULL,'','\r'),(4184,'Theresa Treadwell ','9312 Verdad Del Luz Ct SW','',NULL,NULL,33,NULL,NULL,NULL,'','\r'),(4185,'Erica Lucero ','9315 Libro Iluminado Ct SW','',NULL,NULL,33,NULL,NULL,NULL,'','\r'),(4186,'Anthony Casias ','9309 Libro Iluminado Ct SW','',NULL,NULL,33,NULL,NULL,NULL,'','\r'),(4187,'Ruth Wiseley ','9305 Libro Iluminado Ct SW','',NULL,NULL,33,NULL,NULL,NULL,'','\r'),(4188,'Ashley Salazar ','9301 Libro Iluminado Ct SW','',NULL,NULL,33,NULL,NULL,NULL,'','\r'),(4189,'Marian McLemore ','9300 Libro Iluminado Ct SW','',NULL,NULL,33,NULL,NULL,NULL,'','\r'),(4190,'Wuellfredo F Archilla ','9304 Libro Iluminado Ct SW','',NULL,NULL,33,NULL,NULL,NULL,'','\r'),(4191,'Maldonado Archuleta ','9005 Sundeck Ct SW','',NULL,NULL,33,NULL,NULL,NULL,'','\r'),(4192,'Elizabeth Ortiz ','9009 Sundeck Ct SW','',NULL,NULL,33,NULL,NULL,NULL,'','\r'),(4193,'Dora Marquez ','9015 Sundeck Ct SW','',NULL,NULL,33,NULL,NULL,NULL,'','\r'),(4194,'Gilberta Miera ','9101 Sundeck Ct SW','',NULL,NULL,33,NULL,NULL,NULL,'','\r'),(4195,'current resident','9109 Sundeck Ct SW','',NULL,NULL,33,NULL,NULL,NULL,'','\r'),(4196,'Selso Montano ','9115 Sundeck Ct SW','',NULL,NULL,33,NULL,NULL,NULL,'','\r'),(4197,'Natan Avina-Munoz ','9201 Sundeck Ct SW','',NULL,NULL,33,NULL,NULL,NULL,'','\r'),(4198,'Olga Parra ','9208 Sundeck Ct SW','',NULL,NULL,33,NULL,NULL,NULL,'','\r'),(4199,'Crystal Ojeda ','9204 Sundeck Ct SW','',NULL,NULL,33,NULL,NULL,NULL,'','\r'),(4200,'Anthony Kamradt ','9200 Sundeck Ct SW','',NULL,NULL,33,NULL,NULL,NULL,'','\r'),(4201,'Agnes Cook ','9112 Sundeck Ct SW','',NULL,NULL,33,NULL,NULL,NULL,'','\r'),(4202,'Ronald Jaramillo ','9108 Sundeck Ct SW','',NULL,NULL,33,NULL,NULL,NULL,'','\r'),(4203,'Claudius Williams Jr. ','9104 Sundeck Ct SW','',NULL,NULL,33,NULL,NULL,NULL,'','\r'),(4204,'Leo Hernandez ','9100 Sundeck Ct SW','',NULL,NULL,33,NULL,NULL,NULL,'','\r'),(4205,'Armelia Lalio ','9004 Sundeck Ct SW','',NULL,NULL,33,NULL,NULL,NULL,'','\r'),(4206,'Freddi Cordova ','9001 Sunfish Ave SW','',NULL,NULL,33,NULL,NULL,3,'y','\r'),(4207,'Michele Trangucci ','9005 Sunfish Ave SW','',NULL,NULL,33,NULL,NULL,NULL,'','\r'),(4208,'Maira Ruiz-Lopez ','9009 Sunfish Ave SW','',NULL,NULL,33,NULL,NULL,NULL,'','\r'),(4209,'Ernesto Benavidez ','9109 Sunfish Ave SW','',NULL,NULL,33,NULL,NULL,NULL,'','\r'),(4210,'Sergio Morfin ','9111 Sunfish Ave SW','',NULL,NULL,33,NULL,NULL,NULL,'','\r'),(4211,'Vivian Barnes ','9108 Sunfish Ave SW','',NULL,NULL,33,NULL,NULL,NULL,'','\r'),(4212,'Deeanna Washee','9104 Sunfish Ave SW','',NULL,NULL,33,NULL,NULL,NULL,'','\r'),(4213,'Morelos Morel ','9100 Sunfish Ave SW','',NULL,NULL,33,NULL,NULL,6,'','y'),(4214,'Maria Silva ','9008 Sunfish Ave SW','',NULL,NULL,33,NULL,NULL,NULL,'','\r'),(4215,'Veronica Segura ','9012 Sunfish Ave SW','',NULL,NULL,33,NULL,NULL,NULL,'','\r'),(4216,'Raelynn Falise ','9000 Sunfish Ave SW','',NULL,NULL,33,NULL,NULL,6,'','y'),(4217,'Roberta Chavez ','9001 Sunwise Ave SW','',NULL,NULL,33,NULL,NULL,NULL,'','\r'),(4218,'Bryanna Baca ','9005 Sunwise Ave SW','',NULL,NULL,33,NULL,NULL,NULL,'','\r'),(4219,'Theresa Lopez ','9009 Sunwise Ave SW','',NULL,NULL,33,NULL,NULL,NULL,'','\r'),(4220,'Vricelda Hicks ','9015 Sunwise Ave SW','',NULL,NULL,33,NULL,NULL,NULL,'','\r'),(4221,'Kyong Williams ','9101 Sunwise Ave SW','',NULL,NULL,33,NULL,NULL,NULL,'','\r'),(4222,'Cynthia Vargas ','9105 Sunwise Ave SW','',NULL,NULL,33,NULL,NULL,NULL,'','\r'),(4223,'Michelle Tibbs ','9116 Sunwise Ave SW','',NULL,NULL,33,NULL,NULL,NULL,'','\r'),(4224,'Alexandra Soto ','9112 Sunwise Ave SW','',NULL,NULL,33,NULL,NULL,NULL,'','\r'),(4225,'Jonathan Chavarria ','9108 Sunwise Ave SW','',NULL,NULL,33,NULL,NULL,NULL,'','\r'),(4226,'Roxanne Apodaea ','9100 Sunwise Ave SW','',NULL,NULL,33,NULL,NULL,NULL,'','\r'),(4227,'Jorge Contreras-Castruita ','9012 Sunwise Ave SW','',NULL,NULL,33,NULL,NULL,3,'y','\r'),(4228,'Alberto Villalobos ','9008 Sunwise Ave SW','',NULL,NULL,33,NULL,NULL,NULL,'','\r'),(4229,'Luis Hernandez Jr. ','9004 Sunwise Ave SW','',NULL,NULL,33,NULL,NULL,NULL,'','\r'),(4230,'Katie Van-Van ','9001 Sundial Pl SW','',NULL,NULL,33,NULL,NULL,NULL,'','\r'),(4231,'Jose Vega ','9009 Sundial Pl SW','',NULL,NULL,33,NULL,NULL,NULL,'','\r'),(4232,'Aura Carreon ','9015 Sundial Pl SW','',NULL,NULL,33,NULL,NULL,NULL,'','\r'),(4233,'Pedro D Stines ','9101 Sundial Pl SW','',NULL,NULL,33,NULL,NULL,NULL,'','\r'),(4234,'Ervin Christman ','9105 Sundial Pl SW','',NULL,NULL,33,NULL,NULL,NULL,'','\r'),(4235,'Beatrize Mendoza ','9109 Sundial Pl SW','',NULL,NULL,33,NULL,NULL,NULL,'','\r'),(4236,'Lydia Sanchez ','9201 Sundial Pl SW','',NULL,NULL,33,NULL,NULL,NULL,'','\r'),(4237,'Apolonia Vigil ','9205 Sundial Pl SW','',NULL,NULL,33,NULL,NULL,NULL,'','\r'),(4238,'Patrick Garcia ','9208 Sundial Pl SW','',NULL,NULL,33,NULL,NULL,NULL,'','\r'),(4239,'Pauline Sosa ','9200 Sundial Pl SW','',NULL,NULL,33,NULL,NULL,NULL,'','\r'),(4240,'Kathleen Lucero ','9108 Sundial Pl SW','',NULL,NULL,33,NULL,NULL,NULL,'','\r'),(4241,'Mary Herrera ','9104 Sundial Pl SW','',NULL,NULL,33,NULL,NULL,NULL,'','\r'),(4242,'Pearl Castillo ','9100 Sundial Pl SW','',NULL,NULL,33,NULL,NULL,NULL,'','\r'),(4243,'Beatrice Olivas ','9016 Sundial Pl SW','',NULL,NULL,33,NULL,NULL,NULL,'','\r'),(4244,'Imelda Carreon ','9012 Sundial Pl SW','',NULL,NULL,33,NULL,NULL,NULL,'','\r'),(4245,'Elena Gurule ','9008 Sundial Pl SW','',NULL,NULL,33,NULL,NULL,NULL,'','\r'),(4246,'Cynthia Rose ','9000 Sundial Pl SW','',NULL,NULL,33,NULL,NULL,NULL,'','\r'),(4247,'Jonathan Larranaga ','724 Sunbear Dr SW','',NULL,NULL,33,NULL,NULL,NULL,'','\r'),(4248,'Carl Mora ','720 Sunbear Dr SW','',NULL,NULL,33,NULL,NULL,NULL,'','\r'),(4249,'Sandy Perez','716 Sunbear Dr SW','',NULL,NULL,33,NULL,NULL,NULL,'','\r'),(4250,'Anthony Romero ','704 Sunbear Dr SW','',NULL,NULL,33,NULL,NULL,NULL,'','\r'),(4251,'Norma A Pereida ','624 Sunbear Dr SW','',NULL,NULL,33,NULL,NULL,NULL,'','\r'),(4252,'Paul Roybal Jr. ','616 Sunbear Dr SW','',NULL,NULL,33,NULL,NULL,NULL,'','\r'),(4253,'Amber Woods ','612 Sunbear Dr SW','',NULL,NULL,33,NULL,NULL,NULL,'','\r'),(4254,'Humberto Gamboa ','608 Sunbear Dr SW','',NULL,NULL,33,NULL,NULL,NULL,'','\r'),(4255,'Mayra Fuentes ','600 Sunbear Dr SW','',NULL,NULL,33,NULL,NULL,NULL,'','\r'),(4256,'current resident','701 Sunward Dr SW','',NULL,NULL,33,NULL,NULL,NULL,'','\r'),(4257,'Keith Romero ','705 Sunward Dr SW','',NULL,NULL,33,NULL,NULL,NULL,'','\r'),(4258,'Carlos Salazar ','715 Sunward Dr SW','',NULL,NULL,33,NULL,NULL,NULL,'','\r'),(4259,'Ann Flores ','719 Sunward Dr SW','',NULL,NULL,33,NULL,NULL,NULL,'','\r'),(4260,'William Keelin ','723 Sunward Dr SW','',NULL,NULL,33,NULL,NULL,NULL,'','\r'),(4261,'Miroslava Davalos ','9209 Sundeck Ct SW','',NULL,NULL,33,NULL,NULL,6,'','y'),(4262,'Wayne Crowe ','1135 Blazick St SW','505-831-4403 ','2018-09-08',4,34,1,NULL,NULL,'','\r'),(4263,'Evangeline Chavez ','9209 Benavides Rd SW','505-836-1567 ','2018-09-13',2,34,2,NULL,NULL,'','\r'),(4264,'Patricia Arellano ','1212 94th St SW','505-831-2110 ','2018-09-08',4,34,1,NULL,NULL,'','\r'),(4265,'Alicia Turcios ','9209 Alvera Ave SW','505-930-0418 ','2018-09-08',4,34,1,NULL,NULL,'','\r'),(4266,'Daniel Ramirez ','9214 Alvera Ave SW','505-831-7271 ','2018-09-13',2,34,2,NULL,NULL,'','\r'),(4267,'Beatrice Chavez ','9218 Alvera Ave SW','505-908-5357 ','2018-09-13',1,34,2,NULL,NULL,'','\r'),(4268,'Jorge Gonzalez ','9304 Rhonda St SW','505-573-3042 ','2018-09-08',4,34,1,NULL,NULL,'','\r'),(4269,'Felicia Sedillo ','9301 Shone St SW','505-831-2285 ','2018-09-08',4,34,1,NULL,NULL,'','\r'),(4270,'Anna Sotelo ','9215 Jenny Ave SW','505-877-4357 ','2018-09-13',4,34,1,NULL,NULL,'','\r'),(4271,'Geraldine Brill ','9304 Jenny Ave SW','505-836-5014 ',NULL,NULL,34,NULL,NULL,3,'y','\r'),(4272,'Johnnie Nevarez Jr. ','9308 Jenny Ave SW','505-836-1793 ',NULL,NULL,34,NULL,NULL,3,'y','\r'),(4273,'Vivian Hammond ','9309 Reba Ave SW','505-839-9832 ','2018-09-13',4,34,1,NULL,NULL,'','\r'),(4274,'Claudia Manjarrez ','9301 Reba Ave SW','505-839-5359 ','2018-09-13',2,34,1,NULL,NULL,'','\r'),(4275,'Robert Pettitt ','9209 Reba Ave SW','505-831-5099 ','2018-09-13',4,34,1,NULL,NULL,'','\r'),(4276,'Shurette Riley ','9109 Reba Ave SW','505-730-9109 ',NULL,NULL,34,NULL,NULL,3,'y','\r'),(4277,'Bessie Gallegos ','9304 Reba Ave SW','505-831-4303 ','2018-09-13',4,34,1,NULL,NULL,'','\r'),(4278,'Nelson Bench ','9312 Reba Ave SW','505-836-3844 ','2018-09-13',2,34,1,NULL,NULL,'','\r'),(4279,'Sanjuana Luna ','1028 93rd St SW','214-962-8617 ','2018-09-13',4,34,1,NULL,NULL,'','\r'),(4280,'Hill Caskey ','1036 93rd St SW','561-396-0096 ','2018-09-13',2,34,1,NULL,NULL,'','\r'),(4281,'Carlos DeLeon ','1104 93rd St SW','505-833-6079 ','2018-09-13',2,34,1,NULL,NULL,'','\r'),(4282,'Jose Jean ','1107 93rd St SW','505-352-0318 ','2018-09-13',1,34,1,NULL,NULL,'','\r'),(4283,'Selena Vallejos ','1015 93rd St SW','505-315-3159 ','2018-09-13',1,34,1,NULL,NULL,'','\r'),(4284,'Arlinda Garcia ','1001 Blazick St SW','','2018-09-15',NULL,34,NULL,NULL,NULL,'','\r'),(4285,'Jackie Varela ','1005 Blazick St SW','','2018-09-15',NULL,34,NULL,NULL,NULL,'','\r'),(4286,'Clovis Grine ','1009 Blazick St SW','','2018-09-15',NULL,34,NULL,NULL,NULL,'','\r'),(4287,'Valentina Garcia ','1013 Blazick St SW','','2018-09-15',NULL,34,NULL,NULL,NULL,'','\r'),(4288,'Manuel Gutierrez ','1017 Blazick St SW ','','2018-09-15',NULL,34,NULL,NULL,NULL,'','\r'),(4289,'Noelia Ronquillo ','1021 Blazick St SW','',NULL,NULL,34,NULL,NULL,NULL,'','\r'),(4290,'Elizabeth Young ','1025 Blazick St SW ','',NULL,NULL,34,NULL,NULL,NULL,'','\r'),(4291,'Lee Montoya ','1029 Blazick St SW','',NULL,NULL,34,NULL,NULL,NULL,'','\r'),(4292,'Crystal Leyba ','1101 Blazick St SW ','',NULL,NULL,34,NULL,NULL,NULL,'','\r'),(4293,'Augustine Chavez Jr. ','1105 Blazick St SW ','',NULL,NULL,34,NULL,NULL,NULL,'','\r'),(4294,'Jeanie Bergevin ','1109 Blazick St SW ','',NULL,NULL,34,NULL,NULL,NULL,'','\r'),(4295,'David Apodaca ','1113 Blazick St SW ','',NULL,NULL,34,NULL,NULL,NULL,'','\r'),(4296,'Anthony Cordova ','1117 Blazick St SW ','',NULL,NULL,34,NULL,NULL,NULL,'','\r'),(4297,'Ramon Barrera ','1121 Blazick St SW ','',NULL,NULL,34,NULL,NULL,NULL,'','\r'),(4298,'Monica Garcia ','1125 Blazick St SW','',NULL,NULL,34,NULL,NULL,NULL,'','\r'),(4299,'Christina Maid ','1129 Blazick St SW','',NULL,NULL,34,NULL,NULL,NULL,'','\r'),(4300,'Esther Donez ','9105 Sonya Ave SW','',NULL,NULL,34,NULL,NULL,NULL,'','\r'),(4301,'Isaac Chavez ','9109 Sonya Ave SW ','',NULL,NULL,34,NULL,NULL,NULL,'','\r'),(4302,'Maryjane Cordova ','9113 Sonya Ave SW','',NULL,NULL,34,NULL,NULL,NULL,'','\r'),(4303,'Eusebia R Cordova ','9201 Benavides Rd SW','',NULL,NULL,34,NULL,NULL,NULL,'','\r'),(4304,'Donald Garcia ','9205 Benavides Rd SW','',NULL,NULL,34,NULL,NULL,3,'y','\r'),(4305,'Alondra Gonzales ','9213 Benavides Rd SW','',NULL,NULL,34,NULL,NULL,NULL,'','\r'),(4306,'Carmen Baca ','9301 Benavides Rd SW','',NULL,NULL,34,NULL,NULL,NULL,'','\r'),(4307,'Heriberto Magallanes ','9305 Benavides Rd SW','',NULL,NULL,34,NULL,NULL,NULL,'','\r'),(4308,'Jss Of Albuquerque LLC ','9309 Benavides Rd SW','',NULL,NULL,34,NULL,NULL,NULL,'','\r'),(4309,'Alan Vislar ','1208 94th St SW','',NULL,NULL,34,NULL,NULL,3,'y','\r'),(4310,'Arthur Warren ','1204 94th St SW','',NULL,NULL,34,NULL,NULL,NULL,'','\r'),(4311,'Millfelt Robert M ','9315 Alvera Ave SW','',NULL,NULL,34,NULL,NULL,NULL,'','\r'),(4312,'Raymond Millfelt ','9309 Alvera Ave SW','',NULL,NULL,34,NULL,NULL,NULL,'','\r'),(4313,'Miguel Aguilar Jr. ','9305 Alvera Ave SW','',NULL,NULL,34,NULL,NULL,NULL,'','\r'),(4314,'Luis Quinones ','9301 Alvera Ave SW','',NULL,NULL,34,NULL,NULL,NULL,'','\r'),(4315,'Delores Herrera ','9219 Alvera Ave SW','',NULL,NULL,34,NULL,NULL,NULL,'','\r'),(4316,'Delvvina Chavez ','9215 Alvera Ave SW','',NULL,NULL,34,NULL,NULL,NULL,'','\r'),(4317,'Angelica Ordonez ','9205 Alvera Ave SW','',NULL,NULL,34,NULL,NULL,NULL,'','\r'),(4318,'William Blackmore Jr. ','9300 Alvera Ave SW','',NULL,NULL,34,NULL,NULL,NULL,'','\r'),(4319,'William Flook ','9304 Alvera Ave SW','',NULL,NULL,34,NULL,NULL,NULL,'','\r'),(4320,'Guajira Quevedo ','9308 Alvera Ave SW','',NULL,NULL,34,NULL,NULL,NULL,'','\r'),(4321,'Luis Gonzalez ','9314 Alvera Ave SW','',NULL,NULL,34,NULL,NULL,NULL,'','\r'),(4322,'John Aragon ','9315 Rhonda St SW','',NULL,NULL,34,NULL,NULL,NULL,'','\r'),(4323,'Maria Gering ','9309 Rhonda St SW','',NULL,NULL,34,NULL,NULL,NULL,'','\r'),(4324,'Harris Sanders ','9305 Rhonda St SW','',NULL,NULL,34,NULL,NULL,NULL,'','\r'),(4325,'Adrian Aguilar ','9301 Rhonda St SW','',NULL,NULL,34,NULL,NULL,NULL,'','\r'),(4326,'Cynthia Jones ','9209 Rhonda St SW','',NULL,NULL,34,NULL,NULL,NULL,'','\r'),(4327,'Maricella Medina ','9205 Rhonda St SW','',NULL,NULL,34,NULL,NULL,NULL,'','\r'),(4328,'Guadalupe Varela ','9204 Rhonda St SW','',NULL,NULL,34,NULL,NULL,NULL,'','\r'),(4329,'Federico Rodriguez','9208 Rhonda St SW','',NULL,NULL,34,NULL,NULL,NULL,'','\r'),(4330,'Jerry Tafoya ','9300 Rhonda St SW','',NULL,NULL,34,NULL,NULL,NULL,'','\r'),(4331,'Carolina Hernandez ','9308 Rhonda St SW','',NULL,NULL,34,NULL,NULL,6,'','y'),(4332,'Jesus Enriquez ','9314 Rhonda St SW','',NULL,NULL,34,NULL,NULL,NULL,'','\r'),(4333,'Leonel Ramirez ','9315 Shone St SW','',NULL,NULL,34,NULL,NULL,NULL,'','\r'),(4334,'Charlotte Good ','9309 Shone St SW','',NULL,NULL,34,NULL,NULL,NULL,'','\r'),(4335,'Mariat Palacios ','9305 Shone St SW','',NULL,NULL,34,NULL,NULL,NULL,'','\r'),(4336,'Vanessa Guzman ','9209 Shone St SW','',NULL,NULL,34,NULL,NULL,NULL,'','\r'),(4337,'Ciprianita Cano ','9205 Shone St SW','',NULL,NULL,34,NULL,NULL,NULL,'','\r'),(4338,'Carla R Martinez ','9201 Shone St SW','',NULL,NULL,34,NULL,NULL,NULL,'','\r'),(4339,'Jennifer Stone ','9204 Shone St SW','',NULL,NULL,34,NULL,NULL,NULL,'','\r'),(4340,'Dominic Rodriguez ','9208 Shone St SW','',NULL,NULL,34,NULL,NULL,NULL,'','\r'),(4341,'Francisco Gallegos ','9300 Shone St SW','',NULL,NULL,34,NULL,NULL,NULL,'','\r'),(4342,'Donna Martinez ','9304 Shone St SW','',NULL,NULL,34,NULL,NULL,NULL,'','\r'),(4343,'Abdul Hanan ','9308 Shone St SW','',NULL,NULL,34,NULL,NULL,NULL,'','\r'),(4344,'Manuel Parra ','9314 Shone St SW','',NULL,NULL,34,NULL,NULL,NULL,'','\r'),(4345,'Juan Alverdi ','9315 Jenny Ave SW','',NULL,NULL,34,NULL,NULL,NULL,'','\r'),(4346,'Lorinda Sanchez ','9309 Jenny Ave SW','',NULL,NULL,34,NULL,NULL,NULL,'','\r'),(4347,'Dennis Zamora ','9305 Jenny Ave SW','',NULL,NULL,34,NULL,NULL,NULL,'','\r'),(4348,'Eric Villegas ','9301 Jenny Ave SW','',NULL,NULL,34,NULL,NULL,NULL,'','\r'),(4349,'Velia Sanchez ','9211 Jenny Ave SW ','',NULL,NULL,34,NULL,NULL,NULL,'','\r'),(4350,'Louis Moya ','9204 Jenny Ave SW','',NULL,NULL,34,NULL,NULL,NULL,'','\r'),(4351,'Virginia Bennington ','9208 Jenny Ave SW','',NULL,NULL,34,NULL,NULL,NULL,'','\r'),(4352,'Miguel Sandoval ','9212 Jenny Ave SW','',NULL,NULL,34,NULL,NULL,NULL,'','\r'),(4353,'Ramon Castillo ','9216 Jenny Ave SW','',NULL,NULL,34,NULL,NULL,NULL,'','\r'),(4354,'Rachel Cruz ','9300 Jenny Ave SW','',NULL,NULL,34,NULL,NULL,NULL,'','\r'),(4355,'Tillie Claps ','9314 Jenny Ave SW','',NULL,NULL,34,NULL,NULL,NULL,'','\r'),(4356,'Daniel Miller ','9313 Reba Ave SW','',NULL,NULL,34,NULL,NULL,NULL,'','\r'),(4357,'Pauline Pettis ','9305 Reba Ave SW','',NULL,NULL,34,NULL,NULL,NULL,'','\r'),(4358,'Charlie Flores ','9205 Reba Ave SW','',NULL,NULL,34,NULL,NULL,3,'y','\r'),(4359,'Lisa Bernstrom ','9201 Reba Ave SW','',NULL,NULL,34,NULL,NULL,NULL,'','\r'),(4360,'Claudia Sapian ','9105 Reba Ave SW','',NULL,NULL,34,NULL,NULL,NULL,'','\r'),(4361,'Dloria P Romero ','9101 Reba Ave SW','',NULL,NULL,34,NULL,NULL,NULL,'','\r'),(4362,'Jose Ferrel ','9104 Reba Ave SW','',NULL,NULL,34,NULL,NULL,NULL,'','\r'),(4363,'Danny Tapia ','9108 Reba Avesw','',NULL,NULL,34,NULL,NULL,NULL,'','\r'),(4364,'Jesus DeLaCruz ','9200 Reba Ave SW','',NULL,NULL,34,NULL,NULL,NULL,'','\r'),(4365,'Ernest Trejo ','9204 Reba Ave SW','',NULL,NULL,34,NULL,NULL,NULL,'','\r'),(4366,'Francisca Rodriguez ','9206 Reba Ave SW','',NULL,NULL,34,NULL,NULL,NULL,'','\r'),(4367,'Abe Silva ','9208 Reba Ave SW','',NULL,NULL,34,NULL,NULL,NULL,'','\r'),(4368,'Vincent Santistevan ','9300 Reba Ave SW','',NULL,NULL,34,NULL,NULL,NULL,'','\r'),(4369,'Lidia Vega ','9308 Reba Ave SW','',NULL,NULL,34,NULL,NULL,NULL,'','\r'),(4370,'Victor Solano ','1000 93rd St SW','',NULL,NULL,34,NULL,NULL,6,'','y'),(4371,'Angela Gallegos ','1004 93rd St SW','',NULL,NULL,34,NULL,NULL,NULL,'','\r'),(4372,'Matthew Maldanado ','1008 93rd St SW','',NULL,NULL,34,NULL,NULL,NULL,'','\r'),(4373,'Saul Mier ','1012 93rd St SW','',NULL,NULL,34,NULL,NULL,NULL,'','\r'),(4374,'Juan Ramirez ','1016 93rd St SW','',NULL,NULL,34,NULL,NULL,NULL,'','\r'),(4375,'Raymond Lucero ','1020 93rd St SW','',NULL,NULL,34,NULL,NULL,NULL,'','\r'),(4376,'Richard Silva ','1024 93rd St SW','',NULL,NULL,34,NULL,NULL,NULL,'','\r'),(4377,'Crystal Otero ','1100 93rd St SW','',NULL,NULL,34,NULL,NULL,NULL,'','\r'),(4378,'Janelle Martinez ','1116 93rd St SW','',NULL,NULL,34,NULL,NULL,NULL,'','\r'),(4379,'Sarah Garcia ','1101 93rd St SW','',NULL,NULL,34,NULL,NULL,NULL,'','\r'),(4380,'Robert Schmidt ','1023 93rd St SW','',NULL,NULL,34,NULL,NULL,NULL,'','\r'),(4381,'Veronica Reyes ','1019 93rd St SW','',NULL,NULL,34,NULL,NULL,NULL,'','\r'),(4382,'Marcella Bench ','1009 93rd St SW','',NULL,NULL,34,NULL,NULL,3,'y','\r'),(4383,'Corral Varela ','1005 93rd St SW','',NULL,NULL,34,NULL,NULL,NULL,'','\r'),(4384,'Raymond Arellano Sr.','8512 Sapphire St SW','505-831-3414','2018-09-13',4,35,1,NULL,NULL,'','\r'),(4385,'James Carver','8508 Sapphire St SW','',NULL,NULL,35,NULL,NULL,NULL,'','\r'),(4386,'Elva Hernandez','8504 Sapphire St SW','',NULL,NULL,35,NULL,NULL,NULL,'','\r'),(4387,'Cynthia Cereceres','8412 Sapphire St SW','',NULL,NULL,35,NULL,NULL,NULL,'','\r'),(4388,'Orlando Lopez','8408 Sapphire St SW','',NULL,NULL,35,NULL,NULL,NULL,'','\r'),(4389,'April Rios','1301 Corriz Dr SW','505-804-8985','2018-09-13',2,35,1,NULL,NULL,'','\r'),(4390,'Judith Thomas','1305 Corriz Dr SW','',NULL,NULL,35,NULL,NULL,NULL,'','\r'),(4391,'Cindy Robles','1309 Corriz Dr SW','',NULL,NULL,35,NULL,NULL,NULL,'','\r'),(4392,'Tina Leyba','1315 Corriz Dr SW','',NULL,NULL,35,NULL,NULL,NULL,'','\r'),(4393,'Darlene Torres-Vigil','1319 Corriz Dr SW','',NULL,NULL,35,NULL,NULL,NULL,'','\r'),(4394,'Veronica Cordova','1323 Corriz Dr SW','',NULL,NULL,35,NULL,NULL,NULL,'','\r'),(4395,'Tenisha Archibeque','1327 Corriz Dr SW','505-833-0803','2018-09-13',2,35,1,NULL,NULL,'','\r'),(4396,'Jesus Martha','1331 Corriz Dr SW','505-352-0377','2018-09-13',2,35,1,NULL,NULL,'','\r'),(4397,'Eva Roman','1335 Corriz Dr SW','505-903-1492','2018-09-13',4,35,1,NULL,NULL,'','\r'),(4398,'Ruby Chavez','1339 Corriz Dr SW','',NULL,NULL,35,NULL,NULL,NULL,'','\r'),(4399,'Julia Francia','1343 Corriz Dr SW','',NULL,NULL,35,NULL,NULL,NULL,'','\r'),(4400,'Victoria Jaramillo','1401 Corriz Dr SW','',NULL,NULL,35,NULL,NULL,NULL,'','\r'),(4401,'Jana Russell','1405 Corriz Dr SW','505-839-9886','2018-09-13',4,35,1,NULL,NULL,'','\r'),(4402,'Tony Archuleta','1409 Corriz Dr SW','505-877-0208','2018-09-13',2,35,1,NULL,NULL,'','\r'),(4403,'Juan Luevano','1415 Corriz Dr SW','',NULL,NULL,35,NULL,NULL,NULL,'','\r'),(4404,'Adelina Maestas','1419 Corriz Dr SW','',NULL,NULL,35,NULL,NULL,NULL,'','\r'),(4405,'Valerie Herrera','1423 Corriz Dr SW','505-836-1828','2018-09-13',2,35,1,NULL,NULL,'','\r'),(4406,'Olivia Oliver','8601 Kimela Ct SW','505-319-4598','2018-09-13',2,35,1,NULL,NULL,'','\r'),(4407,'Sue Dovey','8605 Kimela Ct SW','',NULL,NULL,35,NULL,NULL,NULL,'','\r'),(4408,'Erica Garcia','8609 Kimela Ct SW','',NULL,NULL,35,NULL,NULL,NULL,'','\r'),(4409,'Alma Pinon','8608 Kimela Ct SW','',NULL,NULL,35,NULL,NULL,NULL,'','\r'),(4410,'Brenda Lueras','8604 Kimela Ct SW','',NULL,NULL,35,NULL,NULL,NULL,'','\r'),(4411,'Lavaro Vigil','8600 Kimela Ct SW','',NULL,NULL,35,NULL,NULL,NULL,'','\r'),(4412,'Debbie Chavez','1527 Kimela Dr SW','',NULL,NULL,35,NULL,NULL,NULL,'','\r'),(4413,'Justo Ordonez','8601 Lynette Ct SW','',NULL,NULL,35,NULL,NULL,NULL,'','\r'),(4414,'Luz Martinez','8605 Lynette Ct SW','',NULL,NULL,35,NULL,NULL,NULL,'','\r'),(4415,'Monica Marquez','8609 Lynette Ct SW','',NULL,NULL,35,NULL,NULL,NULL,'','\r'),(4416,'Johnny Lopez','8613 Lynette Ct SW','',NULL,NULL,35,NULL,NULL,NULL,'','\r'),(4417,'Charles Ross','8617 Lynette Ct SW','',NULL,NULL,35,NULL,NULL,NULL,'','\r'),(4418,'Zeferina Ramirez','8621 Lynette Ct SW','',NULL,NULL,35,NULL,NULL,NULL,'','\r'),(4419,'Josephine Gonzales','8620 Lynette Ct SW','',NULL,NULL,35,NULL,NULL,3,'y','\r'),(4420,'Christopher Zigler','8616 Lynette Ct SW','',NULL,NULL,35,NULL,NULL,NULL,'','\r'),(4421,'Lisa Montoya','8612 Lynette Ct SW','',NULL,NULL,35,NULL,NULL,NULL,'','\r'),(4422,'Jacinto Bab','8608 Lynette Ct SW','505-833-5037','2018-09-13',2,35,1,NULL,NULL,'','\r'),(4423,'Adelino Giron','8604 Lynette Ct SW','',NULL,NULL,35,NULL,NULL,NULL,'','\r'),(4424,'Armando Vargas','8600 Lynette Ct SW','',NULL,NULL,35,NULL,NULL,NULL,'','\r'),(4425,'Leonard Montano','8900 Benavides Rd SW','',NULL,NULL,35,NULL,NULL,NULL,'','\r'),(4426,'Martha Henry','8906 Benavides Rd SW','',NULL,NULL,35,NULL,NULL,NULL,'','\r'),(4427,'Michael Romero Jr.','8912 Benavides Rd SW','',NULL,NULL,35,NULL,NULL,NULL,'','\r'),(4428,'Guadalupe Gomez','8916 Benavides Rd SW','505-559-0281','2018-09-13',4,35,1,NULL,NULL,'','\r'),(4429,'Elsa Barraza','8920 Benavides Rd SW','',NULL,NULL,35,NULL,NULL,NULL,'','\r'),(4430,'Pedro Gutierez','8928 Benavides Rd SW','505-831-1696',NULL,NULL,35,NULL,NULL,NULL,'','\r'),(4431,'Daniel Leyba','9000 Benavides Rd SW','505-831-0780',NULL,NULL,35,NULL,NULL,NULL,'','\r'),(4432,'Alise Blankenship','9008 Benavides Rd SW','505-314-6388',NULL,NULL,35,NULL,NULL,NULL,'','\r'),(4433,'Steve Chavez','9012 Benavides Rd SW','',NULL,NULL,35,NULL,NULL,NULL,'','\r'),(4434,'Gustavo Ruiz','9016 Benavides Rd SW','',NULL,NULL,35,NULL,NULL,NULL,'','\r'),(4435,'Lorraine Ortiz','9020 Benavides Rd SW','',NULL,NULL,35,NULL,NULL,NULL,'','\r'),(4436,'Henry Ortega Jr.','9024 Benavides Rd SW','',NULL,NULL,35,NULL,NULL,NULL,'','\r'),(4437,'Mary Korch','9025 Benavides Rd SW','',NULL,NULL,35,NULL,NULL,NULL,'','\r'),(4438,'Arturo Chavez','9021 Benavides Rd SW','',NULL,NULL,35,NULL,NULL,NULL,'','\r'),(4439,'Shannan Stevens','9017 Benavides Rd SW','',NULL,NULL,35,NULL,NULL,NULL,'','\r'),(4440,'Dalila Santos','9013 Benavides Rd SW','',NULL,NULL,35,NULL,NULL,NULL,'','\r'),(4441,'Clarence Serafin','9009 Benavides Rd SW','505-839-6903',NULL,NULL,35,NULL,NULL,NULL,'','\r'),(4442,'Bernardita Nayarez','9005 Benavides Rd SW','',NULL,NULL,35,NULL,NULL,NULL,'','\r'),(4443,'Susan Martinez','8937 Benavides Rd SW','',NULL,NULL,35,NULL,NULL,NULL,'','\r'),(4444,'Robert Martinez','8933 Benavides Rd SW','',NULL,NULL,35,NULL,NULL,NULL,'','\r'),(4445,'Ernest Vinsant','8929 Benavides Rd SW','505-836-3869',NULL,NULL,35,NULL,NULL,NULL,'','\r'),(4446,'Melissa Hernandez','8925 Benavides Rd SW','',NULL,NULL,35,NULL,NULL,NULL,'','\r'),(4447,'Sterling Seelson','8921 Benavides Rd SW','505-831-5856',NULL,NULL,35,NULL,NULL,NULL,'','\r'),(4448,'Mary Rodriguez','8917 Benavides Rd SW','505-831-3605',NULL,NULL,35,NULL,NULL,NULL,'','\r'),(4449,'Dennis Gutierrez','8913 Benavides Rd SW','505-831-4576',NULL,NULL,35,NULL,NULL,NULL,'','\r'),(4450,'Frances Valdez','8909 Benavides Rd SW','',NULL,NULL,35,NULL,NULL,NULL,'','\r'),(4451,'Pilar Orneles','8905 Benavides Rd SW','',NULL,NULL,35,NULL,NULL,NULL,'','\r'),(4452,'Sergio Vasquez','8901 Benavides Rd SW','',NULL,NULL,35,NULL,NULL,NULL,'','\r'),(4453,'JIMMY','1400 Locura Rd SW','',NULL,NULL,35,NULL,NULL,3,'y','\r'),(4454,'Gloria Nuanes','1404 Locura Rd SW','',NULL,NULL,35,NULL,NULL,NULL,'','\r'),(4455,'Chris Ortiz','1408 Locura Rd SW','505-836-1312',NULL,NULL,35,NULL,NULL,NULL,'','\r'),(4456,'Julian Miranda','1412 Locura Rd SW','',NULL,NULL,35,NULL,NULL,NULL,'','\r'),(4457,'Chrissy Jameson','1416 Locura Rd SW','',NULL,NULL,35,NULL,NULL,NULL,'','\r'),(4458,'Margarita Vera','1420 Locura Rd SW','',NULL,NULL,35,NULL,NULL,NULL,'','\r'),(4459,'James Lechuga','1424 Locura Rd SW','',NULL,NULL,35,NULL,NULL,NULL,'','\r'),(4460,'Linda Stewart','1428 Locura Rd SW','505-265-9104',NULL,NULL,35,NULL,NULL,NULL,'','\r'),(4461,'Manuel Cano','1432 Locura Rd SW','',NULL,NULL,35,NULL,NULL,NULL,'','\r'),(4462,'Ramona Cordova','1436 Locura Rd SW','',NULL,NULL,35,NULL,NULL,NULL,'','\r'),(4463,'Octavio Enriquez Sr.','1440 Locura Rd SW','303-249-1071',NULL,NULL,35,NULL,NULL,3,'y','\r'),(4464,'Laura Rascon','1444 Locura Rd SW','505-261-8383',NULL,NULL,35,NULL,NULL,NULL,'','\r'),(4465,'Suzanne Vigil','1448 Locura Rd SW','',NULL,NULL,35,NULL,NULL,NULL,'','\r'),(4466,'Joe Baca','1500 Locura Rd SW','',NULL,NULL,35,NULL,NULL,NULL,'','\r'),(4467,'Susana Perea','1504 Locura Rd SW','',NULL,NULL,35,NULL,NULL,NULL,'','\r'),(4468,'Jose Peralta','1508 Locura Rd SW','575-524-6959',NULL,NULL,35,NULL,NULL,NULL,'','\r'),(4469,'Vernon Natewa','1512 Locura Rd SW','',NULL,NULL,35,NULL,NULL,NULL,'','\r'),(4470,'Vanessa Naranjo','1516 Locura Rd SW','',NULL,NULL,35,NULL,NULL,NULL,'','\r'),(4471,'Jimmie Carrisco','1520 Locura Rd SW','',NULL,NULL,35,NULL,NULL,NULL,'','\r'),(4472,'Joseph Cordova','1524 Locura Rd SW','',NULL,NULL,35,NULL,NULL,NULL,'','\r'),(4473,'Vernon Maldonado','1528 Locura Rd SW','',NULL,NULL,35,NULL,NULL,NULL,'','\r'),(4474,'Desarey Maldonado','1527 Locura Rd SW','',NULL,NULL,35,NULL,NULL,NULL,'','\r'),(4475,'Lee Kemp','1523 Locura Rd SW','505-831-4475',NULL,NULL,35,NULL,NULL,NULL,'','\r'),(4476,'Elena Price','1519 Locura Rd SW','',NULL,NULL,35,NULL,NULL,NULL,'','\r'),(4477,'Onesimo Gonzales','1515 Locura Rd SW','',NULL,NULL,35,NULL,NULL,3,'y','\r'),(4478,'Jeanete Sabado','1509 Locura Rd SW','',NULL,NULL,35,NULL,NULL,NULL,'','\r'),(4479,'Jolene Martinez','1505 Locura Rd SW','',NULL,NULL,35,NULL,NULL,NULL,'','\r'),(4480,'Jimmy Zambrano','1501 Locura Rd SW','',NULL,NULL,35,NULL,NULL,NULL,'','\r'),(4481,'Trinny Sellars','1445 Locura Rd SW','',NULL,NULL,35,NULL,NULL,NULL,'','\r'),(4482,'John Lovato','1437 Locura Rd SW','',NULL,NULL,35,NULL,NULL,NULL,'','\r'),(4483,'Sandra Orozco-Escobar','1429 Locura Rd SW','',NULL,NULL,35,NULL,NULL,NULL,'','\r'),(4484,'Edna Avila','1425 Locura Rd SW','',NULL,NULL,35,NULL,NULL,NULL,'','\r'),(4485,'Donald Twitty','1421 Locura Rd SW','',NULL,NULL,35,NULL,NULL,NULL,'','\r'),(4486,'Anna Scott','1417 Locura Rd SW','',NULL,NULL,35,NULL,NULL,NULL,'','\r'),(4487,'Bennett Eirwin','1413 Locura Rd SW','',NULL,NULL,35,NULL,NULL,NULL,'','\r'),(4488,'Helen Salazar','1409 Locura Rd SW','',NULL,NULL,35,NULL,NULL,NULL,'','\r'),(4489,'Carissa Romero','1405 Locura Rd SW','505-839-8074',NULL,NULL,35,NULL,NULL,NULL,'','\r'),(4490,'Reuben Minero','1401 Locura Rd SW','',NULL,NULL,35,NULL,NULL,NULL,'','\r'),(4491,'Catherine Marshall','8825 Robby Ave SW','505-831-9183',NULL,NULL,35,NULL,NULL,NULL,'','\r'),(4492,'Mary Moriarty','8821 Robby Ave SW','',NULL,NULL,35,NULL,NULL,NULL,'','\r'),(4493,'Janeisha Sanchez','8817 Robby Ave SW','505-203-6555',NULL,NULL,35,NULL,NULL,NULL,'','\r'),(4494,'Gregory Archibeque','8813 Robby Ave SW','',NULL,NULL,35,NULL,NULL,NULL,'','\r'),(4495,'Leonard Moreno','8809 Robby Ave SW','',NULL,NULL,35,NULL,NULL,NULL,'','\r'),(4496,'Edgar Escobedo','8805 Robby Ave SW','',NULL,NULL,35,NULL,NULL,NULL,'','\r'),(4497,'Eleanor Garcia','8709 Robby Ave SW','',NULL,NULL,35,NULL,NULL,NULL,'','\r'),(4498,'Darlene Gonzales','8705 Robby Ave SW','',NULL,NULL,35,NULL,NULL,NULL,'','\r'),(4499,'Rosa Anaya','8701 Robby Ave SW','',NULL,NULL,35,NULL,NULL,NULL,'','\r'),(4500,'Charlie Mitchell','8621 Robby Ave SW','',NULL,NULL,35,NULL,NULL,NULL,'','\r'),(4501,'Charles Montoya','8619 Robby Ave SW','',NULL,NULL,35,NULL,NULL,NULL,'','\r'),(4502,'Thom Noblitt-Gonzale','8615 Robby Ave SW','',NULL,NULL,35,NULL,NULL,NULL,'','\r'),(4503,'John Parra','8609 Robby Ave SW','',NULL,NULL,35,NULL,NULL,NULL,'','\r'),(4504,'Rodridge Guadiam','8605 Robby Ave SW','',NULL,NULL,35,NULL,NULL,NULL,'','\r'),(4505,'JESUS','8600 Robby Ave SW','',NULL,NULL,35,NULL,NULL,NULL,'','\r'),(4506,'Celestino Griego Jr.','8604 Robby Ave SW','',NULL,NULL,35,NULL,NULL,NULL,'','\r'),(4507,'Susana Varela-Castillo','8608 Robby Ave SW','',NULL,NULL,35,NULL,NULL,NULL,'','\r'),(4508,'David Oliva','8612 Robby Ave SW','',NULL,NULL,35,NULL,NULL,NULL,'','\r'),(4509,'Adolfo Nevares','8704 Robby Ave SW','505-839-0646',NULL,NULL,35,NULL,NULL,NULL,'','\r'),(4510,'Raul Marin','8710 Robby Ave SW','',NULL,NULL,35,NULL,NULL,NULL,'','\r'),(4511,'Donnie Placencia','8714 Robby Ave SW','505-831-3314',NULL,NULL,35,NULL,NULL,NULL,'','\r'),(4512,'Jessica Placencia','8718 Robby Ave SW','',NULL,NULL,35,NULL,NULL,NULL,'','\r'),(4513,'April DeVore','8722 Robby Ave SW','',NULL,NULL,35,NULL,NULL,NULL,'','\r'),(4514,'Miquela Turrietta','8800 Robby Ave SW','505-836-1490',NULL,NULL,35,NULL,NULL,NULL,'','\r'),(4515,'Carlos Rodriguez','8804 Robby Ave SW','',NULL,NULL,35,NULL,NULL,NULL,'','\r'),(4516,'Cristina Serna','8808 Robby Ave SW','',NULL,NULL,35,NULL,NULL,NULL,'','\r'),(4517,'Myrna Gallegos','8812 Robby Ave SW','',NULL,NULL,35,NULL,NULL,NULL,'','\r'),(4518,'Gloria Gabaldon','8816 Robby Ave SW','',NULL,NULL,35,NULL,NULL,NULL,'','\r'),(4519,'Jonathan Salazar','8820 Robby Ave SW','',NULL,NULL,35,NULL,NULL,NULL,'','\r'),(4520,'Delubino Romero Jr.','8824 Robby Ave SW','',NULL,NULL,35,NULL,NULL,NULL,'','\r'),(4521,'Cruz Morales','8400 Brian Ave SW','',NULL,NULL,35,NULL,NULL,NULL,'','\r'),(4522,'current resident','8404 Brian Ave SW','',NULL,NULL,35,NULL,NULL,NULL,'','\r'),(4523,'Robert Atencio Jr.','8408 Brian Ave SW','',NULL,NULL,35,NULL,NULL,NULL,'','\r'),(4524,'Pamela Moya','8412 Brian Ave SW','',NULL,NULL,35,NULL,NULL,NULL,'','\r'),(4525,'Rachel Montano','8416 Brian Ave SW','',NULL,NULL,35,NULL,NULL,NULL,'','\r'),(4526,'Francisco Cruz-Hernandez','8420 Brian Ave SW','',NULL,NULL,35,NULL,NULL,NULL,'','\r'),(4527,'Catherine Martinez','8500 Brian Ave SW','',NULL,NULL,35,NULL,NULL,NULL,'','\r'),(4528,'Shaun Castillo','8504 Brian Ave SW','',NULL,NULL,35,NULL,NULL,NULL,'','\r'),(4529,'James Rael','8508 Brian Ave SW','',NULL,NULL,35,NULL,NULL,NULL,'','\r'),(4530,'Angelique Alderete','8512 Brian Ave SW','',NULL,NULL,35,NULL,NULL,NULL,'','\r'),(4531,'Michelle Lucero','8516 Brian Ave SW','',NULL,NULL,35,NULL,NULL,NULL,'','\r'),(4532,'Mario Baca','8517 Brian Ave SW','',NULL,NULL,35,NULL,NULL,NULL,'','\r'),(4533,'Tiffnay Howland','8513 Brian Ave SW','',NULL,NULL,35,NULL,NULL,NULL,'','\r'),(4534,'Jesus Perez','8509 Brian Ave SW','',NULL,NULL,35,NULL,NULL,NULL,'','\r'),(4535,'Sonia Lucero','8505 Brian Ave SW','',NULL,NULL,35,NULL,NULL,NULL,'','\r'),(4536,'Gary Gallegos','8501 Brian Ave SW','505-831-2718',NULL,NULL,35,NULL,NULL,NULL,'','\r'),(4537,'Brad Tibbetts','1416 Michelle St SW','',NULL,NULL,35,NULL,NULL,NULL,'','\r'),(4538,'Marc Johansen','1412 Michelle St SW','636-244-0295',NULL,NULL,35,NULL,NULL,NULL,'','\r'),(4539,'Analicia Vargas','1408 Michelle St SW','',NULL,NULL,35,NULL,NULL,NULL,'','\r'),(4540,'Kathryn Ward','1404 Michelle St SW','',NULL,NULL,35,NULL,NULL,NULL,'','\r'),(4541,'DAINELYS NOLAZCO-DOMINGUEZ','1400 Michelle St SW','',NULL,NULL,35,NULL,NULL,NULL,'','\r'),(4542,'Betty Engram','1344 Michelle St SW','',NULL,NULL,35,NULL,NULL,NULL,'','\r'),(4543,'Luz Gutierrez','1340 Michelle St SW','',NULL,NULL,35,NULL,NULL,NULL,'','\r'),(4544,'Ponce Ponce','1336 Michelle St SW','',NULL,NULL,35,NULL,NULL,NULL,'','\r'),(4545,'Nathaniel Estrada','1332 Michelle St SW','',NULL,NULL,35,NULL,NULL,NULL,'','\r'),(4546,'Cesar Ramirez','1328 Michelle St SW','',NULL,NULL,35,NULL,NULL,NULL,'','\r'),(4547,'Clinton Cornell','1324 Michelle St SW','',NULL,NULL,35,NULL,NULL,NULL,'','\r'),(4548,'Ramiro Carvajal','1320 Michelle St SW','',NULL,NULL,35,NULL,NULL,NULL,'','\r'),(4549,'Nicole Fernandez','1316 Michelle St SW','',NULL,NULL,35,NULL,NULL,NULL,'','\r'),(4550,'Mary Mascarenas','1312 Michelle St SW','',NULL,NULL,35,NULL,NULL,NULL,'','\r'),(4551,'Wayne Croll','1308 Michelle St SW','',NULL,NULL,35,NULL,NULL,NULL,'','\r'),(4552,'Joseph Cortez','1304 Michelle St SW','505-831-4291',NULL,NULL,35,NULL,NULL,NULL,'','\r'),(4553,'Cynthia Cereceres','8412 Sapphire St SW','',NULL,NULL,35,NULL,NULL,NULL,'','\r'),(4554,'Bernie Gallegos','1301 Michelle St SW','',NULL,NULL,35,NULL,NULL,NULL,'','\r'),(4555,'Fernando Romero Sr.','1305 Michelle St SW','',NULL,NULL,35,NULL,NULL,NULL,'','\r'),(4556,'Rita Aragon','1309 Michelle St SW','505-980-6401',NULL,NULL,35,NULL,NULL,NULL,'','\r'),(4557,'Jenny Andrade','1313 Michelle St SW','',NULL,NULL,35,NULL,NULL,NULL,'','\r'),(4558,'Theresa Fort','1317 Michelle St SW','',NULL,NULL,35,NULL,NULL,NULL,'','\r'),(4559,'Edward Benavidez','1321 Michelle St SW','505-831-3545',NULL,NULL,35,NULL,NULL,NULL,'','\r'),(4560,'Claudia Arroyo','1325 Michelle St SW','',NULL,NULL,35,NULL,NULL,NULL,'','\r'),(4561,'Jennifer Maestas','1329 Michelle St SW','',NULL,NULL,35,NULL,NULL,3,'y','\r'),(4562,'Leonn Gabaldon','1436 Lucretia St SW','',NULL,NULL,35,NULL,NULL,NULL,'','\r'),(4563,'Evelyn Orosco','1432 Lucretia St SW','',NULL,NULL,35,NULL,NULL,NULL,'','\r'),(4564,'Marlene Sanchez','1428 Lucretia St SW','',NULL,NULL,35,NULL,NULL,NULL,'','\r'),(4565,'Rosemary Trejo','1424 Lucretia St SW','',NULL,NULL,35,NULL,NULL,NULL,'','\r'),(4566,'Rosario Marquez','1420 Lucretia St SW','',NULL,NULL,35,NULL,NULL,NULL,'','\r'),(4567,'Ernie Garcia','1416 Lucretia St SW','',NULL,NULL,35,NULL,NULL,NULL,'','\r'),(4568,'PATRICIA','1412 Lucretia St SW','505-489-2039',NULL,NULL,35,NULL,NULL,NULL,'','\r'),(4569,'Ana Pagan','1408 Lucretia St SW','',NULL,NULL,35,NULL,NULL,NULL,'','\r'),(4570,'Esteban Sepulveda Jr.','1404 Lucretia St SW','',NULL,NULL,35,NULL,NULL,NULL,'','\r'),(4571,'Iris Dominguez','1400 Lucretia St SW','',NULL,NULL,35,NULL,NULL,NULL,'','\r'),(4572,'Ruby Charroo-Estrada','1344 Lucretia St SW','',NULL,NULL,35,NULL,NULL,NULL,'','\r'),(4573,'Maria Lopez','1340 Lucretia St SW','',NULL,NULL,35,NULL,NULL,NULL,'','\r'),(4574,'Cruz Luna','1336 Lucretia St SW','',NULL,NULL,35,NULL,NULL,NULL,'','\r'),(4575,'Y Gallegos','1332 Lucretia St SW','',NULL,NULL,35,NULL,NULL,3,'y','\r'),(4576,'Jonathan Darling','1328 Lucretia St SW','',NULL,NULL,35,NULL,NULL,NULL,'','\r'),(4577,'Carl Beeman Jr. ','1324 Lucretia St SW ','',NULL,NULL,35,NULL,NULL,NULL,'','\r'),(4578,'Myrna Eturralde','1320 Lucretia St SW','505-836-6587 ',NULL,NULL,35,NULL,NULL,NULL,'','\r'),(4579,'Rudy Garcia ','1316 Lucretia St SW','',NULL,NULL,35,NULL,NULL,NULL,'','\r'),(4580,'Cheryl Escarcega','1312 Lucretia St SW','',NULL,NULL,35,NULL,NULL,NULL,'','\r'),(4581,'Refugia Chavez-Salazar','1308 Lucretia St SW','505-268-2675',NULL,NULL,35,NULL,NULL,NULL,'','\r'),(4582,'Felicia Meeks','1304 Lucretia St SW','',NULL,NULL,35,NULL,NULL,NULL,'','\r'),(4583,'Roger Gonzales Sr.','1300 Lucretia St SW','',NULL,NULL,35,NULL,NULL,NULL,'','\r'),(4584,'M Orosco','1305 Lucretia St SW','505-831-3774',NULL,NULL,35,NULL,NULL,NULL,'','\r'),(4585,'Andrea Garcia','1309 Lucretia St SW','',NULL,NULL,35,NULL,NULL,NULL,'','\r'),(4586,'Alberto Carrasco','1313 Lucretia St SW','505-831-7640',NULL,NULL,35,NULL,NULL,NULL,'','\r'),(4587,'Michael Ollom','1317 Lucretia St SW','',NULL,NULL,35,NULL,NULL,NULL,'','\r'),(4588,'Clyde Vasquez','1321 Lucretia St SW','',NULL,NULL,35,NULL,NULL,3,'y','\r'),(4589,'Phillip Martinez Sr.','1325 Lucretia St SW','',NULL,NULL,35,NULL,NULL,NULL,'','\r'),(4590,'Aggie Toya','1329 Lucretia St SW','',NULL,NULL,35,NULL,NULL,NULL,'','\r'),(4591,'Celso Vallin','1333 Lucretia St SW','',NULL,NULL,35,NULL,NULL,NULL,'','\r'),(4592,'Francisco Patino','1337 Lucretia St SW','',NULL,NULL,35,NULL,NULL,NULL,'','\r'),(4593,'Charles Martinez','1341 Lucretia St SW','',NULL,NULL,35,NULL,NULL,NULL,'','\r'),(4594,'Steven Schrankel Sr.','1345 Lucretia St SW','',NULL,NULL,35,NULL,NULL,NULL,'','\r'),(4595,'Melissa Baldonado','1401 Lucretia St SW','',NULL,NULL,35,NULL,NULL,NULL,'','\r'),(4596,'Marco Lopez','1405 Lucretia St SW','',NULL,NULL,35,NULL,NULL,NULL,'','\r'),(4597,'Michael Ortiz','1409 Lucretia St SW','',NULL,NULL,35,NULL,NULL,NULL,'','\r'),(4598,'Arturo Rascon','1413 Lucretia St SW','',NULL,NULL,35,NULL,NULL,NULL,'','\r'),(4599,'Christina Segura','1417 Lucretia St SW','',NULL,NULL,35,NULL,NULL,NULL,'','\r'),(4600,'Loa Alfaro','1425 Lucretia St SW','505-821-1717',NULL,NULL,35,NULL,NULL,NULL,'','\r'),(4601,'Aaron Alarado','1429 Lucretia St SW','',NULL,NULL,35,NULL,NULL,NULL,'','\r'),(4602,'Leah Rosales','8409 Brian Ave SW','',NULL,NULL,35,NULL,NULL,NULL,'','\r'),(4603,'Annette Campbell','8415 Brian Ave SW','',NULL,NULL,35,NULL,NULL,NULL,'','\r');
/*!40000 ALTER TABLE `residents` ENABLE KEYS */;
UNLOCK TABLES;

--
-- Table structure for table `residents_temp`
--

DROP TABLE IF EXISTS `residents_temp`;
/*!40101 SET @saved_cs_client     = @@character_set_client */;
/*!40101 SET character_set_client = utf8 */;
CREATE TABLE `residents_temp` (
  `resident_temp_id` int(11) NOT NULL AUTO_INCREMENT,
  `name` tinytext,
  `address` tinytext,
  `phone_number` varchar(45) DEFAULT NULL,
  `territory_id` int(11) DEFAULT NULL,
  `do_not_call` char(1) DEFAULT NULL,
  `day_sleeper` char(1) DEFAULT NULL,
  PRIMARY KEY (`resident_temp_id`),
  UNIQUE KEY `resident_temp_id_UNIQUE` (`resident_temp_id`)
) ENGINE=InnoDB DEFAULT CHARSET=utf8;
/*!40101 SET character_set_client = @saved_cs_client */;

--
-- Dumping data for table `residents_temp`
--

LOCK TABLES `residents_temp` WRITE;
/*!40000 ALTER TABLE `residents_temp` DISABLE KEYS */;
/*!40000 ALTER TABLE `residents_temp` ENABLE KEYS */;
UNLOCK TABLES;

--
-- Table structure for table `status_list`
--

DROP TABLE IF EXISTS `status_list`;
/*!40101 SET @saved_cs_client     = @@character_set_client */;
/*!40101 SET character_set_client = utf8 */;
CREATE TABLE `status_list` (
  `status_id` int(11) NOT NULL AUTO_INCREMENT,
  `status_name` varchar(45) DEFAULT NULL,
  PRIMARY KEY (`status_id`)
) ENGINE=InnoDB AUTO_INCREMENT=9 DEFAULT CHARSET=utf8;
/*!40101 SET character_set_client = @saved_cs_client */;

--
-- Dumping data for table `status_list`
--

LOCK TABLES `status_list` WRITE;
/*!40000 ALTER TABLE `status_list` DISABLE KEYS */;
INSERT INTO `status_list` VALUES (1,'Disconnected'),(2,'No Answer'),(3,'Do Not Call'),(4,'Contacted'),(5,'Foreign Language'),(6,'Day Sleeper'),(7,'Contacted for Campaign/Invitation'),(8,'Mismatched Address / Phone');
/*!40000 ALTER TABLE `status_list` ENABLE KEYS */;
UNLOCK TABLES;

--
-- Table structure for table `styles`
--

DROP TABLE IF EXISTS `styles`;
/*!40101 SET @saved_cs_client     = @@character_set_client */;
/*!40101 SET character_set_client = utf8 */;
CREATE TABLE `styles` (
  `style_id` int(11) NOT NULL AUTO_INCREMENT,
  `style_name` tinytext,
  `style_value` tinytext,
  PRIMARY KEY (`style_id`)
) ENGINE=InnoDB AUTO_INCREMENT=5 DEFAULT CHARSET=utf8;
/*!40101 SET character_set_client = @saved_cs_client */;

--
-- Dumping data for table `styles`
--

LOCK TABLES `styles` WRITE;
/*!40000 ALTER TABLE `styles` DISABLE KEYS */;
INSERT INTO `styles` VALUES (1,'background-color','black'),(2,'color','white'),(3,'font-family','arial'),(4,'font-size','18pt');
/*!40000 ALTER TABLE `styles` ENABLE KEYS */;
UNLOCK TABLES;

--
-- Table structure for table `territories`
--

DROP TABLE IF EXISTS `territories`;
/*!40101 SET @saved_cs_client     = @@character_set_client */;
/*!40101 SET character_set_client = utf8 */;
CREATE TABLE `territories` (
  `territory_id` int(11) NOT NULL AUTO_INCREMENT,
  `territory_number` varchar(45) DEFAULT NULL,
  `last_import_date` date DEFAULT NULL,
  `last_worked_date` date DEFAULT NULL,
  `territoryImageUrl` tinytext,
  `territory_status` varchar(45) DEFAULT NULL,
  PRIMARY KEY (`territory_id`)
) ENGINE=InnoDB AUTO_INCREMENT=36 DEFAULT CHARSET=utf8;
/*!40101 SET character_set_client = @saved_cs_client */;

--
-- Dumping data for table `territories`
--

LOCK TABLES `territories` WRITE;
/*!40000 ALTER TABLE `territories` DISABLE KEYS */;
INSERT INTO `territories` VALUES (3,'86',NULL,'2018-05-24',NULL,NULL),(4,'90',NULL,'2018-05-31',NULL,NULL),(17,'52',NULL,'2018-05-31',NULL,NULL),(18,'79','2018-05-27','2018-06-07',NULL,NULL),(19,'97','2018-05-27','2018-06-07',NULL,NULL),(20,'28','2018-05-27','2018-06-09',NULL,NULL),(21,'26','2018-05-27','2018-07-14',NULL,NULL),(22,'4','2018-05-27',NULL,NULL,NULL),(23,'8','2018-06-26','2018-07-14',NULL,NULL),(25,'45','2018-06-26','2018-08-02',NULL,NULL),(26,'85','2018-08-01','2018-08-16',NULL,NULL),(27,'59','2018-08-01','2018-08-30',NULL,NULL),(28,'88','2018-08-08','2018-09-06',NULL,NULL),(29,'20','2018-08-08','2018-09-08',NULL,NULL),(30,'17','2018-08-15',NULL,NULL,NULL),(31,'17','2018-08-16','2018-09-08',NULL,NULL),(32,'67','2018-08-16','2018-09-13',NULL,NULL),(33,'40','2018-08-16','2018-09-15',NULL,NULL),(34,'62','2018-08-16','2018-09-13',NULL,NULL),(35,'77','2018-09-13','2018-09-13',NULL,NULL);
/*!40000 ALTER TABLE `territories` ENABLE KEYS */;
UNLOCK TABLES;

--
-- Table structure for table `territory_queue`
--

DROP TABLE IF EXISTS `territory_queue`;
/*!40101 SET @saved_cs_client     = @@character_set_client */;
/*!40101 SET character_set_client = utf8 */;
CREATE TABLE `territory_queue` (
  `territory_queue_id` int(11) NOT NULL AUTO_INCREMENT,
  `territory_id` int(11) DEFAULT NULL,
  `order_number` int(11) DEFAULT NULL,
  PRIMARY KEY (`territory_queue_id`)
) ENGINE=InnoDB AUTO_INCREMENT=22 DEFAULT CHARSET=utf8;
/*!40101 SET character_set_client = @saved_cs_client */;

--
-- Dumping data for table `territory_queue`
--

LOCK TABLES `territory_queue` WRITE;
/*!40000 ALTER TABLE `territory_queue` DISABLE KEYS */;
INSERT INTO `territory_queue` VALUES (11,24,11),(13,26,13),(14,27,14),(15,28,15),(16,29,16),(17,31,17),(18,32,18),(19,33,19),(20,34,20),(21,35,21);
/*!40000 ALTER TABLE `territory_queue` ENABLE KEYS */;
UNLOCK TABLES;

--
-- Table structure for table `user_types`
--

DROP TABLE IF EXISTS `user_types`;
/*!40101 SET @saved_cs_client     = @@character_set_client */;
/*!40101 SET character_set_client = utf8 */;
CREATE TABLE `user_types` (
  `user_type_id` int(11) NOT NULL AUTO_INCREMENT,
  `user_type_name` varchar(45) DEFAULT NULL,
  PRIMARY KEY (`user_type_id`)
) ENGINE=InnoDB AUTO_INCREMENT=3 DEFAULT CHARSET=utf8;
/*!40101 SET character_set_client = @saved_cs_client */;

--
-- Dumping data for table `user_types`
--

LOCK TABLES `user_types` WRITE;
/*!40000 ALTER TABLE `user_types` DISABLE KEYS */;
INSERT INTO `user_types` VALUES (1,'Admin'),(2,'Standard');
/*!40000 ALTER TABLE `user_types` ENABLE KEYS */;
UNLOCK TABLES;

--
-- Table structure for table `users`
--

DROP TABLE IF EXISTS `users`;
/*!40101 SET @saved_cs_client     = @@character_set_client */;
/*!40101 SET character_set_client = utf8 */;
CREATE TABLE `users` (
  `user_id` int(11) NOT NULL AUTO_INCREMENT,
  `username` varchar(100) DEFAULT NULL,
  `password` varchar(45) DEFAULT NULL,
  `user_type_id` int(11) DEFAULT NULL,
  PRIMARY KEY (`user_id`)
) ENGINE=InnoDB AUTO_INCREMENT=3 DEFAULT CHARSET=utf8;
/*!40101 SET character_set_client = @saved_cs_client */;

--
-- Dumping data for table `users`
--

LOCK TABLES `users` WRITE;
/*!40000 ALTER TABLE `users` DISABLE KEYS */;
INSERT INTO `users` VALUES (1,'admin','Tweeter1',1),(2,'user','password',2);
/*!40000 ALTER TABLE `users` ENABLE KEYS */;
UNLOCK TABLES;

--
-- Dumping events for database 'phonewitness'
--

--
-- Dumping routines for database 'phonewitness'
--
/*!40103 SET TIME_ZONE=@OLD_TIME_ZONE */;

/*!40101 SET SQL_MODE=@OLD_SQL_MODE */;
/*!40014 SET FOREIGN_KEY_CHECKS=@OLD_FOREIGN_KEY_CHECKS */;
/*!40014 SET UNIQUE_CHECKS=@OLD_UNIQUE_CHECKS */;
/*!40101 SET CHARACTER_SET_CLIENT=@OLD_CHARACTER_SET_CLIENT */;
/*!40101 SET CHARACTER_SET_RESULTS=@OLD_CHARACTER_SET_RESULTS */;
/*!40101 SET COLLATION_CONNECTION=@OLD_COLLATION_CONNECTION */;
/*!40111 SET SQL_NOTES=@OLD_SQL_NOTES */;

-- Dump completed on 2018-09-15 18:22:50
